LC,22300946,Josey,Firmin,jfirmin0@engadget.com,01/07/2014,ENTREGA_TARJETAS,43
LE,50782732,Konstantin,Lackey,klackey1@uol.com.br,14/05/2017,REDISTRIBUCION_VIANDAS,31
LE,13129390,Amalia,Stonehouse,astonehouse2@theglobeandmail.com,14/02/2006,ENTREGA_TARJETAS,36
LE,27046390,Sancho,Antonoyev,santonoyev3@bigcartel.com,21/11/2014,DONACION_VIANDAS,34
DNI,34935307,Inga,Lagen,ilagen4@scribd.com,24/06/2010,DONACION_VIANDAS,8
DNI,33102658,Ignatius,Mowbury,imowbury5@geocities.com,15/04/2009,DINERO,6
LC,39269687,Godfree,Provis,gprovis6@1688.com,21/11/2013,DINERO,44
DNI,25754137,Hanni,Broyd,hbroyd7@i2i.jp,29/02/2008,ENTREGA_TARJETAS,39
DNI,9644685,Debee,Dalrymple,ddalrymple8@slashdot.org,06/10/2015,DINERO,23
DNI,38231461,Jesse,Keymar,jkeymar9@altervista.org,08/01/2006,DINERO,29
DNI,3823612,Rowney,Enders,rendersa@businesswire.com,09/10/2011,DINERO,19
DNI,30610953,Kalina,Ties,ktiesb@cloudflare.com,15/07/2018,DINERO,46
LE,49321482,Letti,Pedersen,lpedersenc@blogs.com,02/05/2020,DONACION_VIANDAS,13
LE,24996872,Bell,Kilbourne,bkilbourned@guardian.co.uk,20/07/2018,DONACION_VIANDAS,36
LC,19735934,Silvio,Fines,sfinese@bloglovin.com,01/04/2006,ENTREGA_TARJETAS,27
LE,27749664,Tana,Paulon,tpaulonf@hubpages.com,02/08/2017,ENTREGA_TARJETAS,20
LE,26065622,Carmine,Burgett,cburgettg@cocolog-nifty.com,08/05/2015,DINERO,23
DNI,30087575,Eimile,McAvinchey,emcavincheyh@mit.edu,10/04/2011,DINERO,22
DNI,14374741,Robin,Kent,rkenti@ezinearticles.com,04/07/2018,DINERO,40
LE,55090249,Bell,Leahair,bleahairj@globo.com,23/03/2006,DINERO,3
LE,10664570,Keslie,Dellenbach,kdellenbachk@discuz.net,22/09/2010,DONACION_VIANDAS,13
LC,3244790,Moira,Pideon,mpideonl@goo.gl,31/07/2013,DINERO,15
DNI,45020915,Maridel,Stiell,mstiellm@mayoclinic.com,24/09/2017,DONACION_VIANDAS,11
LE,6380448,Ivie,O'Spellissey,iospellisseyn@webnode.com,16/06/2009,ENTREGA_TARJETAS,17
LC,11818224,Garrick,Ferby,gferbyo@nps.gov,06/03/2007,DINERO,3
LE,13689571,Hadleigh,Foyle,hfoylep@zimbio.com,26/12/2008,DONACION_VIANDAS,50
LE,3616527,Fair,Derell,fderellq@mlb.com,23/08/2016,DONACION_VIANDAS,48
DNI,53278133,Nealson,Eady,neadyr@wisc.edu,18/11/2013,DINERO,36
DNI,9868768,Trstram,Faux,tfauxs@ehow.com,26/07/2018,DONACION_VIANDAS,14
LE,33281442,Herrick,Rosenschein,hrosenscheint@bbb.org,29/03/2008,DONACION_VIANDAS,49
DNI,46164424,Joscelin,Knightsbridge,jknightsbridgeu@imageshack.us,09/03/2006,DONACION_VIANDAS,33
LC,43529930,Ferdie,Chapleo,fchapleov@ted.com,15/04/2016,ENTREGA_TARJETAS,44
DNI,24797127,Reginald,Mohan,rmohanw@linkedin.com,11/09/2006,ENTREGA_TARJETAS,46
LE,40949839,Essie,Nurse,enursex@google.ca,02/10/2017,DONACION_VIANDAS,1
LC,48895816,Prisca,Graine,pgrainey@usnews.com,30/06/2016,ENTREGA_TARJETAS,45
LC,52570570,Page,Chapple,pchapplez@baidu.com,06/03/2013,ENTREGA_TARJETAS,19
LC,16103312,Melvyn,Figger,mfigger10@cnet.com,17/09/2018,REDISTRIBUCION_VIANDAS,41
LE,10184916,Kathrine,Lakin,klakin11@moonfruit.com,29/08/2019,REDISTRIBUCION_VIANDAS,13
DNI,34649608,Lanny,Coade,lcoade12@bloglines.com,20/05/2011,DONACION_VIANDAS,28
LC,49838588,Babs,Andrejs,bandrejs13@lulu.com,12/01/2011,REDISTRIBUCION_VIANDAS,28
DNI,42343107,Guthrie,Brusin,gbrusin14@desdev.cn,22/03/2020,REDISTRIBUCION_VIANDAS,35
LC,42884057,Cesaro,Barefoot,cbarefoot15@instagram.com,13/04/2018,ENTREGA_TARJETAS,8
DNI,30376401,Berty,Peartree,bpeartree16@hhs.gov,28/12/2018,DONACION_VIANDAS,26
LC,2019783,Breena,Cobby,bcobby17@wikispaces.com,09/10/2014,ENTREGA_TARJETAS,37
LE,2816764,Alma,Pumphreys,apumphreys18@myspace.com,05/05/2017,DONACION_VIANDAS,40
LE,51205362,Falito,Sylvester,fsylvester19@dot.gov,04/08/2007,REDISTRIBUCION_VIANDAS,3
LE,353768,Coriss,Pinch,cpinch1a@shinystat.com,05/11/2019,ENTREGA_TARJETAS,40
LE,59672530,Dagmar,Hugo,dhugo1b@ycombinator.com,21/06/2011,DINERO,49
DNI,6548200,Temp,Dinesen,tdinesen1c@java.com,30/01/2013,ENTREGA_TARJETAS,24
LC,24394394,Winthrop,Binnell,wbinnell1d@examiner.com,03/05/2020,REDISTRIBUCION_VIANDAS,5
LC,24349068,Daloris,McKerron,dmckerron1e@privacy.gov.au,18/11/2012,ENTREGA_TARJETAS,25
LC,53173972,Hercules,Richardeau,hrichardeau1f@intel.com,21/09/2015,ENTREGA_TARJETAS,4
LC,12595044,Larina,Fleg,lfleg1g@rakuten.co.jp,30/08/2014,ENTREGA_TARJETAS,6
DNI,58812764,Nikola,Dimberline,ndimberline1h@skype.com,17/08/2009,REDISTRIBUCION_VIANDAS,22
DNI,45516343,Dottie,Bigley,dbigley1i@eventbrite.com,13/08/2019,REDISTRIBUCION_VIANDAS,50
LE,30532415,Carmel,Valasek,cvalasek1j@hexun.com,02/07/2014,DONACION_VIANDAS,12
DNI,13847901,Gerrard,Vanni,gvanni1k@umich.edu,14/01/2007,DONACION_VIANDAS,47
LE,55001172,Naomi,Boar,nboar1l@intel.com,02/11/2010,DONACION_VIANDAS,40
LC,31058013,Dede,Guilliland,dguilliland1m@nsw.gov.au,12/11/2017,REDISTRIBUCION_VIANDAS,7
LE,47598935,Adey,Jodlkowski,ajodlkowski1n@wikimedia.org,30/07/2007,ENTREGA_TARJETAS,19
LE,23824495,Allin,Doylend,adoylend1o@ucoz.ru,04/09/2014,REDISTRIBUCION_VIANDAS,11
DNI,39123740,Wilow,McGeraghty,wmcgeraghty1p@microsoft.com,15/09/2008,REDISTRIBUCION_VIANDAS,1
DNI,51733924,Susy,Espina,sespina1q@flavors.me,03/05/2020,DINERO,49
LE,41951952,Georgianna,de Banke,gdebanke1r@icq.com,18/08/2006,DINERO,27
LC,16554998,Gusty,Raper,graper1s@shareasale.com,14/05/2012,DINERO,15
LE,28182630,Marilee,Wickey,mwickey1t@mac.com,29/01/2013,REDISTRIBUCION_VIANDAS,24
LC,23409515,Even,Bibby,ebibby1u@nyu.edu,11/07/2011,DONACION_VIANDAS,48
LE,29471937,Hurlee,Crisford,hcrisford1v@bigcartel.com,05/05/2019,ENTREGA_TARJETAS,35
LE,48639435,Christy,Howsan,chowsan1w@miibeian.gov.cn,23/02/2016,ENTREGA_TARJETAS,26
LC,14482491,Karol,Milmoe,kmilmoe1x@quantcast.com,10/12/2007,DINERO,21
DNI,47371477,Marthe,Wonfor,mwonfor1y@homestead.com,27/07/2014,DONACION_VIANDAS,31
DNI,24209843,Shell,Sayes,ssayes1z@bloglines.com,03/11/2017,DINERO,41
LC,39802038,Rahel,McCusker,rmccusker20@nsw.gov.au,21/01/2016,DONACION_VIANDAS,26
DNI,52751629,Trenna,Ounsworth,tounsworth21@mtv.com,01/11/2015,DINERO,18
LE,9658653,Carlita,Abyss,cabyss22@rediff.com,08/10/2013,DONACION_VIANDAS,49
DNI,53428452,Iggie,Camilleri,icamilleri23@a8.net,07/12/2013,DONACION_VIANDAS,12
DNI,1937639,Meghan,Cutajar,mcutajar24@vimeo.com,19/02/2010,ENTREGA_TARJETAS,42
LC,16630355,Tamara,Clowsley,tclowsley25@nba.com,11/11/2015,DINERO,34
DNI,59640994,Katti,Weson,kweson26@dedecms.com,17/05/2013,REDISTRIBUCION_VIANDAS,20
LE,55865778,Ruthi,Pinnigar,rpinnigar27@privacy.gov.au,26/08/2015,ENTREGA_TARJETAS,45
DNI,16311008,Jaime,Haddinton,jhaddinton28@pinterest.com,17/03/2019,ENTREGA_TARJETAS,49
DNI,2104107,Brit,Penson,bpenson29@sina.com.cn,17/09/2012,REDISTRIBUCION_VIANDAS,1
LC,21290115,Zora,Schuh,zschuh2a@usda.gov,25/05/2015,DINERO,34
LC,47376320,Ilario,Mackro,imackro2b@un.org,23/09/2006,DONACION_VIANDAS,26
LE,39419389,Raimund,Eglise,reglise2c@thetimes.co.uk,28/05/2020,DONACION_VIANDAS,5
LC,56622537,Belicia,Cayley,bcayley2d@blogger.com,19/12/2018,DONACION_VIANDAS,16
DNI,33016077,James,Linneman,jlinneman2e@opera.com,16/05/2006,ENTREGA_TARJETAS,34
LC,25495847,Eustace,Rainforth,erainforth2f@bluehost.com,24/08/2015,DINERO,44
LC,51320853,Sharl,Posse,sposse2g@imdb.com,18/05/2017,DONACION_VIANDAS,6
DNI,58111890,Curcio,Niesel,cniesel2h@netvibes.com,19/06/2015,DINERO,12
DNI,44720434,Ebonee,Bertl,ebertl2i@google.nl,23/07/2008,DINERO,16
LC,1526888,Brietta,Corben,bcorben2j@usatoday.com,22/03/2018,REDISTRIBUCION_VIANDAS,28
DNI,51169358,Papageno,Smurthwaite,psmurthwaite2k@php.net,03/12/2009,DINERO,10
LC,32877993,Mel,Pursey,mpursey2l@noaa.gov,16/11/2013,DINERO,3
LE,53375982,Linoel,Pigeon,lpigeon2m@alibaba.com,04/05/2009,REDISTRIBUCION_VIANDAS,42
LC,46099212,Lorens,Lampl,llampl2n@rediff.com,03/03/2019,ENTREGA_TARJETAS,10
LC,58243538,Millard,Humbatch,mhumbatch2o@si.edu,19/09/2010,DONACION_VIANDAS,6
DNI,8329255,Leo,Bunney,lbunney2p@github.io,11/07/2012,REDISTRIBUCION_VIANDAS,4
DNI,52884775,Darcy,Bubear,dbubear2q@uiuc.edu,17/10/2019,REDISTRIBUCION_VIANDAS,28
LC,2741587,Corette,Musson,cmusson2r@toplist.cz,14/06/2009,DONACION_VIANDAS,32
LE,17877868,Gerda,Rusling,grusling2s@wordpress.org,08/07/2009,DONACION_VIANDAS,28
DNI,7311142,Catha,Tatters,ctatters2t@fema.gov,06/05/2019,ENTREGA_TARJETAS,27
LE,45214263,Silvana,Rhoades,srhoades2u@sourceforge.net,17/07/2005,DONACION_VIANDAS,20
LC,37504275,Fraze,Filasov,ffilasov2v@tmall.com,20/06/2019,DINERO,36
LC,8585751,Charisse,McLukie,cmclukie2w@example.com,15/05/2011,ENTREGA_TARJETAS,20
LE,3607967,Cristian,Kemson,ckemson2x@twitter.com,30/04/2008,DINERO,34
DNI,15924106,Layney,Tebb,ltebb2y@amazon.co.jp,13/08/2010,REDISTRIBUCION_VIANDAS,42
DNI,25613291,Wain,Roizin,wroizin2z@amazon.com,14/05/2011,ENTREGA_TARJETAS,26
DNI,59578086,Eric,Symondson,esymondson30@amazon.com,08/12/2015,DINERO,27
LC,9441083,Harland,Felderer,hfelderer31@delicious.com,15/05/2011,DINERO,15
DNI,12171580,Mercy,Minichillo,mminichillo32@jalbum.net,27/12/2008,ENTREGA_TARJETAS,46
LC,42411123,Eric,Schmidt,eschmidt33@dion.ne.jp,12/04/2020,REDISTRIBUCION_VIANDAS,23
DNI,27487118,Julita,Hellyar,jhellyar34@about.com,12/08/2005,REDISTRIBUCION_VIANDAS,47
LE,55180758,Caitlin,Chelnam,cchelnam35@dmoz.org,25/05/2012,DINERO,22
LE,35238019,Roxine,Jeynes,rjeynes36@adobe.com,09/07/2016,DONACION_VIANDAS,5
DNI,29068159,Tiphanie,Amorine,tamorine37@bizjournals.com,26/06/2010,ENTREGA_TARJETAS,4
LC,28354011,Somerset,Fucher,sfucher38@independent.co.uk,26/06/2009,ENTREGA_TARJETAS,46
LE,44645255,Allianora,Scarrisbrick,ascarrisbrick39@yandex.ru,14/02/2014,REDISTRIBUCION_VIANDAS,4
LE,37348228,Waring,Cosgry,wcosgry3a@harvard.edu,19/05/2019,REDISTRIBUCION_VIANDAS,35
LE,38438965,Clarabelle,Clinch,cclinch3b@adobe.com,15/04/2019,REDISTRIBUCION_VIANDAS,47
DNI,44348833,Odella,Redemile,oredemile3c@flavors.me,18/10/2018,DONACION_VIANDAS,8
LC,40047568,Farrell,McCuthais,fmccuthais3d@over-blog.com,26/11/2014,DINERO,36
LC,8730541,Tiff,Carrabott,tcarrabott3e@guardian.co.uk,03/12/2008,DONACION_VIANDAS,43
LE,21712259,Andre,Brokenbrow,abrokenbrow3f@issuu.com,30/07/2009,ENTREGA_TARJETAS,9
DNI,24973485,Corey,De Filippi,cdefilippi3g@nationalgeographic.com,09/04/2012,DONACION_VIANDAS,46
LC,49151050,Brear,Pogosian,bpogosian3h@delicious.com,07/08/2010,DINERO,34
DNI,33406370,Hyacinth,Few,hfew3i@google.de,19/01/2016,DONACION_VIANDAS,15
LE,40335984,Ximenes,Macoun,xmacoun3j@tuttocitta.it,27/03/2014,ENTREGA_TARJETAS,2
LE,54915806,Abie,MacGinlay,amacginlay3k@nature.com,08/09/2016,ENTREGA_TARJETAS,9
LE,1984026,Kele,Cadd,kcadd3l@goo.ne.jp,16/06/2007,ENTREGA_TARJETAS,2
DNI,14518599,Rae,Moff,rmoff3m@rambler.ru,10/03/2007,DINERO,6
LE,25004732,Marisa,Imason,mimason3n@jiathis.com,28/12/2017,DONACION_VIANDAS,7
DNI,46706422,Evin,Aylmore,eaylmore3o@cocolog-nifty.com,14/08/2018,DINERO,17
LC,18162999,Randall,Genever,rgenever3p@ox.ac.uk,10/09/2019,DONACION_VIANDAS,7
LC,41347971,Karola,Golda,kgolda3q@sohu.com,24/04/2019,ENTREGA_TARJETAS,44
LC,2967455,Elvera,Yakunkin,eyakunkin3r@alibaba.com,17/06/2010,DONACION_VIANDAS,28
LC,54639378,Townsend,Rasor,trasor3s@weather.com,29/10/2006,DONACION_VIANDAS,41
LE,16320009,Morly,Waterman,mwaterman3t@photobucket.com,09/11/2010,DINERO,44
DNI,42602024,Brinn,Cottee,bcottee3u@tinypic.com,21/10/2015,DINERO,32
LE,46982927,Alisun,Rushton,arushton3v@gravatar.com,12/09/2019,DINERO,38
LC,17918255,Chelsey,Caress,ccaress3w@ucla.edu,09/03/2010,ENTREGA_TARJETAS,13
LC,50696057,Jodi,Weaving,jweaving3x@prlog.org,25/07/2012,DINERO,43
LE,35394013,Zsa zsa,Shillum,zshillum3y@icq.com,09/12/2011,DINERO,33
LE,31168141,Elly,Deniscke,edeniscke3z@nasa.gov,08/02/2020,DONACION_VIANDAS,4
DNI,30402867,Almire,Mingardi,amingardi40@trellian.com,22/10/2014,REDISTRIBUCION_VIANDAS,26
LE,18820024,Gerry,Richie,grichie41@sitemeter.com,03/05/2016,REDISTRIBUCION_VIANDAS,34
LE,53988155,Arty,Verrillo,averrillo42@harvard.edu,09/02/2013,DONACION_VIANDAS,9
LC,37077600,Aleda,Worling,aworling43@fastcompany.com,02/10/2017,DONACION_VIANDAS,4
LC,57759923,Flore,Hugenin,fhugenin44@miibeian.gov.cn,01/08/2016,DONACION_VIANDAS,16
LC,37762636,Farley,Gallyon,fgallyon45@google.de,03/11/2009,DONACION_VIANDAS,47
LE,4442993,Dollie,Eusden,deusden46@forbes.com,21/10/2011,ENTREGA_TARJETAS,21
DNI,46665554,Adena,Beresford,aberesford47@noaa.gov,07/11/2006,DONACION_VIANDAS,29
LE,4368251,Dacey,Pirson,dpirson48@odnoklassniki.ru,22/10/2015,ENTREGA_TARJETAS,21
LC,34995936,Alyson,Norcross,anorcross49@dmoz.org,18/05/2014,ENTREGA_TARJETAS,45
LC,59291922,Gunilla,Pakes,gpakes4a@clickbank.net,04/05/2008,REDISTRIBUCION_VIANDAS,42
LC,56491145,Sibylle,Vinall,svinall4b@eventbrite.com,04/01/2006,DONACION_VIANDAS,5
DNI,30082433,Judas,McKirdy,jmckirdy4c@dropbox.com,30/06/2008,REDISTRIBUCION_VIANDAS,20
LE,57635021,Alyson,Bucham,abucham4d@theatlantic.com,09/07/2008,ENTREGA_TARJETAS,11
LC,38620220,Ashton,Werny,awerny4e@dropbox.com,25/02/2009,DONACION_VIANDAS,7
DNI,42933800,Anstice,Train,atrain4f@wufoo.com,26/02/2011,REDISTRIBUCION_VIANDAS,35
DNI,55533647,Emile,Cogswell,ecogswell4g@google.nl,15/08/2018,DONACION_VIANDAS,43
LE,13058023,Perren,Lealle,plealle4h@csmonitor.com,28/04/2011,DONACION_VIANDAS,36
LC,11893205,Teodora,Willett,twillett4i@blogtalkradio.com,04/07/2015,DONACION_VIANDAS,10
DNI,58083899,Adore,Trigg,atrigg4j@ox.ac.uk,12/10/2014,ENTREGA_TARJETAS,11
LC,54200760,Aubert,Spencley,aspencley4k@independent.co.uk,18/06/2005,DONACION_VIANDAS,21
LC,46173721,Zach,Domange,zdomange4l@pinterest.com,05/05/2016,DINERO,39
LE,56765573,Gerri,Tremblot,gtremblot4m@cnet.com,28/04/2008,ENTREGA_TARJETAS,12
DNI,1665441,Fancie,Wymer,fwymer4n@ted.com,16/04/2020,DONACION_VIANDAS,12
LE,50033740,Chrisy,Avrahamian,cavrahamian4o@jiathis.com,30/03/2008,ENTREGA_TARJETAS,46
DNI,42450986,Meta,Biaggi,mbiaggi4p@soundcloud.com,17/08/2007,ENTREGA_TARJETAS,13
DNI,6818998,Shelly,Coyish,scoyish4q@epa.gov,26/02/2008,DONACION_VIANDAS,45
DNI,5985330,Nealson,Sijmons,nsijmons4r@chron.com,06/04/2011,REDISTRIBUCION_VIANDAS,30
LE,166958,Shaylah,Winny,swinny4s@elegantthemes.com,21/11/2007,DONACION_VIANDAS,13
LC,38919599,Avril,Shilstone,ashilstone4t@google.ru,03/03/2017,REDISTRIBUCION_VIANDAS,20
LC,44241651,Audra,Breem,abreem4u@vistaprint.com,18/11/2013,DONACION_VIANDAS,49
LC,58381206,Frans,Haile,fhaile4v@unesco.org,27/11/2007,ENTREGA_TARJETAS,42
DNI,44911343,Niccolo,Cawcutt,ncawcutt4w@spotify.com,29/01/2017,DONACION_VIANDAS,8
LE,35612947,Manya,Muzzollo,mmuzzollo4x@berkeley.edu,25/12/2009,ENTREGA_TARJETAS,9
DNI,13049903,Caren,Shapera,cshapera4y@acquirethisname.com,03/04/2020,ENTREGA_TARJETAS,26
LE,12231664,Yelena,Meegin,ymeegin4z@amazon.com,06/08/2013,DONACION_VIANDAS,9
LC,35167622,Cristina,Tregidgo,ctregidgo50@wikia.com,07/07/2009,DINERO,5
LE,1476595,Lindsy,Orridge,lorridge51@howstuffworks.com,12/12/2009,DONACION_VIANDAS,2
DNI,27566352,Layton,Domerque,ldomerque52@patch.com,04/10/2006,DINERO,7
DNI,14538407,Jami,Tours,jtours53@lulu.com,16/08/2015,REDISTRIBUCION_VIANDAS,13
LC,57920051,Barth,Pendrigh,bpendrigh54@seesaa.net,15/03/2006,REDISTRIBUCION_VIANDAS,1
LC,49872130,Annabal,Gregoretti,agregoretti55@reuters.com,17/01/2017,DINERO,28
LC,21190967,Audrey,Fardoe,afardoe56@zdnet.com,30/07/2017,DONACION_VIANDAS,7
LE,8178299,Rafaelia,Duesberry,rduesberry57@unicef.org,10/04/2019,ENTREGA_TARJETAS,3
LC,32430745,Keane,Klezmski,kklezmski58@home.pl,11/07/2013,ENTREGA_TARJETAS,8
LC,10953284,Reginauld,Wallas,rwallas59@telegraph.co.uk,03/01/2015,ENTREGA_TARJETAS,4
DNI,29461572,Jerrilyn,Twidell,jtwidell5a@gnu.org,13/10/2010,REDISTRIBUCION_VIANDAS,8
DNI,48848669,Windham,Godain,wgodain5b@unesco.org,31/05/2018,DONACION_VIANDAS,49
LC,6616881,Ripley,McFadyen,rmcfadyen5c@devhub.com,09/04/2009,DINERO,6
DNI,27250441,Vince,Bartkowiak,vbartkowiak5d@thetimes.co.uk,15/08/2008,REDISTRIBUCION_VIANDAS,24
LC,24546898,Lurleen,Tansey,ltansey5e@yahoo.com,01/12/2008,DONACION_VIANDAS,43
DNI,34466303,Donny,Bonnaire,dbonnaire5f@posterous.com,11/04/2019,REDISTRIBUCION_VIANDAS,12
DNI,54330117,Fritz,Blaine,fblaine5g@auda.org.au,19/02/2020,REDISTRIBUCION_VIANDAS,9
LC,47111574,Merwin,Clearley,mclearley5h@ycombinator.com,25/01/2020,ENTREGA_TARJETAS,3
DNI,29776015,Lev,Barmadier,lbarmadier5i@wikipedia.org,28/04/2019,DINERO,50
LC,5051132,Leisha,Stockings,lstockings5j@yandex.ru,19/11/2010,DONACION_VIANDAS,14
LC,56935575,Debra,Ruprechter,druprechter5k@spiegel.de,25/11/2018,ENTREGA_TARJETAS,41
LC,34543844,Marvin,Mulholland,mmulholland5l@blinklist.com,19/10/2005,REDISTRIBUCION_VIANDAS,25
LE,14454469,Konstanze,Cowell,kcowell5m@sakura.ne.jp,03/09/2008,DONACION_VIANDAS,24
DNI,54500896,Genevra,Giraldez,ggiraldez5n@deliciousdays.com,09/02/2017,ENTREGA_TARJETAS,42
LC,1102210,Constantina,Hurt,churt5o@addtoany.com,28/01/2014,ENTREGA_TARJETAS,24
LE,36861891,Roz,Terrett,rterrett5p@storify.com,10/04/2019,ENTREGA_TARJETAS,4
LC,6832113,Rebeka,Itzkovici,ritzkovici5q@t-online.de,16/11/2009,DONACION_VIANDAS,45
LC,20818592,Diann,Sang,dsang5r@canalblog.com,03/12/2013,ENTREGA_TARJETAS,7
LC,1116695,Lorianne,Dendon,ldendon5s@ft.com,25/06/2007,REDISTRIBUCION_VIANDAS,31
LE,29914102,Rochette,Cambell,rcambell5t@mapquest.com,13/10/2006,REDISTRIBUCION_VIANDAS,7
LE,24347805,Cynde,Middlebrook,cmiddlebrook5u@fc2.com,31/10/2017,REDISTRIBUCION_VIANDAS,35
DNI,34844839,Lucretia,Franzel,lfranzel5v@seesaa.net,30/08/2017,ENTREGA_TARJETAS,5
DNI,9285848,Selestina,Richel,srichel5w@dedecms.com,16/09/2009,REDISTRIBUCION_VIANDAS,12
LC,11563659,Alon,Nutbrown,anutbrown5x@reference.com,28/11/2017,DINERO,33
LE,7370152,Thelma,Borgnol,tborgnol5y@taobao.com,13/06/2007,DINERO,38
LC,35109161,Darrelle,Chorley,dchorley5z@who.int,17/09/2008,DONACION_VIANDAS,5
LE,51833170,Olivette,Gonet,ogonet60@craigslist.org,11/11/2015,REDISTRIBUCION_VIANDAS,28
DNI,36668258,Marsha,Compson,mcompson61@stanford.edu,04/07/2018,ENTREGA_TARJETAS,35
LE,20370823,Davidson,Gopsall,dgopsall62@devhub.com,05/09/2011,ENTREGA_TARJETAS,17
DNI,55740142,Cleopatra,Ivanchikov,civanchikov63@pen.io,24/10/2005,DONACION_VIANDAS,30
DNI,38143126,Avie,June,ajune64@shinystat.com,21/02/2013,REDISTRIBUCION_VIANDAS,39
DNI,19592285,Nerte,Lapsley,nlapsley65@vimeo.com,24/02/2014,ENTREGA_TARJETAS,45
LE,6312214,Magdalen,MacConnal,mmacconnal66@statcounter.com,12/11/2019,DINERO,27
LC,1995568,Law,Arguile,larguile67@furl.net,12/10/2007,ENTREGA_TARJETAS,42
LE,12401413,Trula,Lucas,tlucas68@thetimes.co.uk,02/03/2012,DINERO,40
LE,5329651,Karim,Sprason,ksprason69@scientificamerican.com,02/07/2007,ENTREGA_TARJETAS,3
DNI,43307433,Wendall,Clarricoates,wclarricoates6a@opensource.org,23/08/2019,DINERO,41
LE,55750665,Kilian,Showte,kshowte6b@liveinternet.ru,02/06/2007,REDISTRIBUCION_VIANDAS,11
DNI,20005000,Courtenay,Donnel,cdonnel6c@bloglines.com,02/02/2013,REDISTRIBUCION_VIANDAS,32
LE,40157774,Carlin,Fairnie,cfairnie6d@discovery.com,03/08/2012,ENTREGA_TARJETAS,46
DNI,14269311,Morse,Silkstone,msilkstone6e@aboutads.info,07/08/2008,ENTREGA_TARJETAS,43
DNI,45114611,Lissa,Broinlich,lbroinlich6f@engadget.com,30/11/2006,DONACION_VIANDAS,24
LE,45175053,Irena,Mattys,imattys6g@g.co,17/10/2007,ENTREGA_TARJETAS,22
LC,11887708,Lewiss,Phette,lphette6h@tamu.edu,10/01/2009,ENTREGA_TARJETAS,8
LC,52316047,Renault,Munnion,rmunnion6i@com.com,06/07/2019,DINERO,50
LC,51207180,Clerc,Flips,cflips6j@storify.com,29/10/2013,REDISTRIBUCION_VIANDAS,2
DNI,46631653,Dana,Petricek,dpetricek6k@shareasale.com,09/01/2014,REDISTRIBUCION_VIANDAS,28
DNI,27573275,Adrianna,Cufflin,acufflin6l@privacy.gov.au,27/07/2011,DONACION_VIANDAS,34
DNI,38824312,Rebekkah,Everall,reverall6m@ezinearticles.com,27/11/2005,REDISTRIBUCION_VIANDAS,34
LC,17966430,Vivianna,Hiers,vhiers6n@wikia.com,26/06/2007,REDISTRIBUCION_VIANDAS,49
LE,35450910,Ferrell,Blakeney,fblakeney6o@narod.ru,10/01/2017,ENTREGA_TARJETAS,9
DNI,7874365,Shela,Jennings,sjennings6p@constantcontact.com,12/02/2014,DONACION_VIANDAS,35
LE,57417778,Preston,Kisby,pkisby6q@ucoz.com,25/03/2008,DINERO,36
LE,46830842,Diarmid,Lamboll,dlamboll6r@aboutads.info,24/01/2015,ENTREGA_TARJETAS,12
LE,19198658,Dewain,Neale,dneale6s@google.cn,30/12/2008,DINERO,3
LE,2207298,Roseanna,Riddiough,rriddiough6t@vimeo.com,02/10/2017,DINERO,46
DNI,10512820,Karrah,Ovenell,kovenell6u@dot.gov,30/12/2008,REDISTRIBUCION_VIANDAS,9
DNI,25183271,Eveline,Grimsdale,egrimsdale6v@alibaba.com,25/04/2011,REDISTRIBUCION_VIANDAS,46
LE,50250548,Beltran,Beartup,bbeartup6w@surveymonkey.com,08/04/2018,REDISTRIBUCION_VIANDAS,42
DNI,51642969,Sherwood,Botton,sbotton6x@zimbio.com,30/11/2008,REDISTRIBUCION_VIANDAS,6
LC,13608771,Janice,Oleksiak,joleksiak6y@engadget.com,13/07/2014,ENTREGA_TARJETAS,44
DNI,33200215,Fern,Nicholes,fnicholes6z@elpais.com,01/04/2007,DINERO,45
DNI,3107114,Ezekiel,Gaiger,egaiger70@un.org,06/04/2008,ENTREGA_TARJETAS,28
LC,21777918,Gery,Larkworthy,glarkworthy71@scientificamerican.com,07/09/2006,ENTREGA_TARJETAS,38
DNI,5667640,Cello,Jodlkowski,cjodlkowski72@ted.com,14/10/2009,REDISTRIBUCION_VIANDAS,13
LC,19380259,Jocko,Craufurd,jcraufurd73@ow.ly,28/04/2013,ENTREGA_TARJETAS,22
DNI,51061590,Helene,Colleford,hcolleford74@abc.net.au,16/07/2012,ENTREGA_TARJETAS,10
DNI,19473934,Errick,Stow,estow75@bbb.org,05/10/2013,REDISTRIBUCION_VIANDAS,22
LE,16286822,Rosmunda,Downing,rdowning76@cnn.com,08/08/2015,REDISTRIBUCION_VIANDAS,4
LC,3234619,Harli,Saing,hsaing77@msu.edu,26/11/2009,DONACION_VIANDAS,4
LC,31603037,Keith,Caldeiro,kcaldeiro78@washington.edu,14/09/2006,DONACION_VIANDAS,25
LE,29482208,Elie,Fern,efern79@gmpg.org,07/09/2015,DINERO,6
DNI,44156064,Gery,Fyndon,gfyndon7a@w3.org,30/09/2009,DINERO,50
LC,47446098,Amber,Scorey,ascorey7b@creativecommons.org,02/06/2006,DINERO,20
LE,1757038,Lorrin,Dorrity,ldorrity7c@trellian.com,14/09/2009,REDISTRIBUCION_VIANDAS,15
LE,3074322,Trev,Annetts,tannetts7d@spiegel.de,22/09/2013,REDISTRIBUCION_VIANDAS,20
LE,9101012,Harper,Hamley,hhamley7e@photobucket.com,11/01/2006,REDISTRIBUCION_VIANDAS,44
LC,10786495,Milo,Chastey,mchastey7f@nasa.gov,19/03/2008,REDISTRIBUCION_VIANDAS,41
LE,56139377,Rik,Annell,rannell7g@skype.com,16/08/2013,DINERO,27
LC,14936680,Forrest,Woodier,fwoodier7h@ebay.com,19/04/2017,ENTREGA_TARJETAS,4
LC,30665194,Clotilda,Posthill,cposthill7i@ucsd.edu,05/08/2012,DINERO,30
LE,2133533,Roseanne,Vasilenko,rvasilenko7j@pagesperso-orange.fr,14/07/2013,ENTREGA_TARJETAS,9
LC,4448700,Noah,Ivins,nivins7k@bizjournals.com,16/03/2013,DONACION_VIANDAS,47
DNI,5205291,Tyler,Close,tclose7l@lulu.com,20/10/2009,REDISTRIBUCION_VIANDAS,23
LE,46525896,Pavel,Goodoune,pgoodoune7m@nasa.gov,12/04/2019,DINERO,21
LE,56633904,Sam,Macklin,smacklin7n@independent.co.uk,13/04/2006,DONACION_VIANDAS,34
LC,17417213,Wyn,Gemmell,wgemmell7o@so-net.ne.jp,24/04/2011,DONACION_VIANDAS,28
LE,42931297,Tricia,Myford,tmyford7p@imageshack.us,24/05/2018,DINERO,6
LC,41052335,Sigismund,Dobie,sdobie7q@1688.com,29/07/2015,DINERO,34
LC,41587189,Carny,Dachs,cdachs7r@sourceforge.net,19/09/2010,ENTREGA_TARJETAS,45
LE,1448632,Ignacius,Buggy,ibuggy7s@reverbnation.com,09/06/2016,REDISTRIBUCION_VIANDAS,20
LE,3130706,Larina,de Verson,ldeverson7t@artisteer.com,24/01/2015,REDISTRIBUCION_VIANDAS,28
LE,54517995,Wendi,Chiddy,wchiddy7u@sakura.ne.jp,04/12/2016,DONACION_VIANDAS,6
LC,26608635,Bentlee,Proudlove,bproudlove7v@xrea.com,12/12/2016,REDISTRIBUCION_VIANDAS,5
LC,19532219,Shane,Syme,ssyme7w@seesaa.net,22/03/2015,ENTREGA_TARJETAS,24
LC,54938387,Genia,Inchboard,ginchboard7x@howstuffworks.com,07/10/2013,DINERO,27
LC,3049372,Caryl,Thrower,cthrower7y@ibm.com,30/01/2013,REDISTRIBUCION_VIANDAS,24
LC,10583533,Eyde,Skaid,eskaid7z@sakura.ne.jp,20/02/2011,DONACION_VIANDAS,12
LE,1863604,Phaidra,Watmough,pwatmough80@youtu.be,26/04/2007,DINERO,16
DNI,48613450,Asia,Troy,atroy81@house.gov,09/07/2006,ENTREGA_TARJETAS,8
DNI,9669675,Amby,Cundict,acundict82@booking.com,29/01/2014,ENTREGA_TARJETAS,22
DNI,36297582,Arie,Harriott,aharriott83@craigslist.org,09/10/2015,ENTREGA_TARJETAS,8
LE,25258701,Lacie,Arens,larens84@netvibes.com,04/05/2011,REDISTRIBUCION_VIANDAS,35
DNI,20362489,Robinson,Bohje,rbohje85@europa.eu,01/07/2010,DINERO,12
LE,22524584,Shelbi,L'Hommeau,slhommeau86@tinypic.com,23/05/2013,ENTREGA_TARJETAS,5
LE,6709694,Eleni,Beaney,ebeaney87@wikia.com,20/03/2010,DINERO,11
LE,27493825,Corny,Clotworthy,cclotworthy88@washingtonpost.com,23/09/2005,ENTREGA_TARJETAS,9
DNI,5537635,Alice,Doumerque,adoumerque89@huffingtonpost.com,15/03/2016,REDISTRIBUCION_VIANDAS,40
LC,42141511,Adina,MacCorley,amaccorley8a@hibu.com,14/09/2006,ENTREGA_TARJETAS,23
DNI,13824725,Christy,Tregoning,ctregoning8b@nature.com,12/05/2019,DINERO,33
LC,32964152,Shirleen,Warcop,swarcop8c@go.com,12/10/2018,DONACION_VIANDAS,39
DNI,55977297,Tonia,Tant,ttant8d@usnews.com,23/04/2020,ENTREGA_TARJETAS,21
DNI,13240769,Neile,Giovannini,ngiovannini8e@posterous.com,11/01/2013,REDISTRIBUCION_VIANDAS,39
LE,22783071,Jere,Legen,jlegen8f@ifeng.com,26/01/2006,REDISTRIBUCION_VIANDAS,33
LC,27470528,Debor,Ingleby,dingleby8g@yandex.ru,24/02/2013,DONACION_VIANDAS,33
DNI,58198333,Holly,Eddy,heddy8h@dmoz.org,21/02/2012,ENTREGA_TARJETAS,50
LE,19740050,Ianthe,North,inorth8i@edublogs.org,27/12/2008,REDISTRIBUCION_VIANDAS,39
LC,46605968,Padriac,Duckit,pduckit8j@gizmodo.com,13/07/2007,DONACION_VIANDAS,17
LC,37603053,Jsandye,Cranny,jcranny8k@buzzfeed.com,02/07/2012,REDISTRIBUCION_VIANDAS,26
LC,57220347,Barr,Snuggs,bsnuggs8l@alibaba.com,04/05/2007,REDISTRIBUCION_VIANDAS,3
LC,2593355,Stephenie,Biggins,sbiggins8m@zimbio.com,11/06/2015,ENTREGA_TARJETAS,9
LC,48180058,Pierson,Burnhams,pburnhams8n@marriott.com,07/11/2006,REDISTRIBUCION_VIANDAS,13
LE,41067802,Melvin,Derobert,mderobert8o@ning.com,22/12/2015,DINERO,27
DNI,48846728,Harris,Rutherfoord,hrutherfoord8p@amazon.com,30/09/2019,DONACION_VIANDAS,31
DNI,50582441,Cecilio,Olver,colver8q@joomla.org,21/08/2012,DINERO,20
LC,55731329,Ibby,Lytle,ilytle8r@nydailynews.com,18/01/2010,REDISTRIBUCION_VIANDAS,41
DNI,17581426,Mireille,O'Shea,moshea8s@ezinearticles.com,31/10/2014,ENTREGA_TARJETAS,42
DNI,43317986,Mort,Emm,memm8t@redcross.org,03/01/2014,REDISTRIBUCION_VIANDAS,33
LC,27128108,Pincas,Valti,pvalti8u@mozilla.com,30/03/2011,DONACION_VIANDAS,46
DNI,20223583,Petronille,Swash,pswash8v@webnode.com,08/09/2014,REDISTRIBUCION_VIANDAS,4
LC,43236530,Parker,Volks,pvolks8w@economist.com,02/12/2016,DONACION_VIANDAS,16
LE,15681352,Clayton,Ridgers,cridgers8x@reverbnation.com,27/11/2009,ENTREGA_TARJETAS,32
LE,15489457,Lesley,Conquest,lconquest8y@chronoengine.com,25/09/2015,DONACION_VIANDAS,19
DNI,54402721,Jaclyn,Bisley,jbisley8z@angelfire.com,27/09/2009,DONACION_VIANDAS,37
LC,45021480,Dwight,McCosker,dmccosker90@yale.edu,28/01/2017,DONACION_VIANDAS,48
LC,32171322,Kermy,Welbrock,kwelbrock91@cloudflare.com,24/05/2019,DONACION_VIANDAS,3
DNI,46864048,Yorgo,Sandeman,ysandeman92@creativecommons.org,10/01/2020,DINERO,24
LE,17113251,Modestia,Aked,maked93@blogtalkradio.com,06/11/2010,REDISTRIBUCION_VIANDAS,31
LC,28082213,Trudie,Guinery,tguinery94@ucsd.edu,24/07/2010,DONACION_VIANDAS,16
LC,27970394,Viv,Daniell,vdaniell95@exblog.jp,07/06/2015,REDISTRIBUCION_VIANDAS,11
LE,47208700,Henderson,Doyley,hdoyley96@telegraph.co.uk,28/01/2017,DINERO,3
LE,13338308,Janaya,Rawes,jrawes97@google.de,22/05/2015,REDISTRIBUCION_VIANDAS,42
LC,41012161,Miriam,Stormouth,mstormouth98@gizmodo.com,13/09/2016,DONACION_VIANDAS,16
LE,59592398,Lucille,Orniz,lorniz99@wikimedia.org,24/02/2006,DONACION_VIANDAS,39
LE,17852686,Danette,Leyland,dleyland9a@indiegogo.com,30/09/2015,REDISTRIBUCION_VIANDAS,49
LE,57020350,Elianora,Matis,ematis9b@nba.com,14/05/2013,DONACION_VIANDAS,13
DNI,55820510,Trude,Labadini,tlabadini9c@xrea.com,18/02/2013,DINERO,9
LE,35289687,Gustav,Cosson,gcosson9d@scientificamerican.com,28/01/2017,DINERO,27
LE,43235618,Trudey,Bull,tbull9e@booking.com,17/01/2006,DINERO,49
DNI,14609951,Jens,Whitten,jwhitten9f@youtu.be,22/04/2016,ENTREGA_TARJETAS,16
DNI,15320317,Petronia,Cubbin,pcubbin9g@globo.com,11/10/2007,DONACION_VIANDAS,38
LE,42346159,Hollie,Few,hfew9h@topsy.com,11/06/2019,ENTREGA_TARJETAS,44
DNI,59729591,Inez,Lye,ilye9i@tinyurl.com,15/08/2006,DINERO,10
DNI,22558133,Marlena,Chisholm,mchisholm9j@time.com,10/07/2015,DINERO,32
DNI,13623669,Cicily,Zanioletti,czanioletti9k@clickbank.net,03/01/2006,REDISTRIBUCION_VIANDAS,9
LE,46000963,Leonidas,Wogden,lwogden9l@google.co.jp,11/05/2008,ENTREGA_TARJETAS,11
DNI,29196593,Geraldine,Jouhandeau,gjouhandeau9m@free.fr,08/05/2006,DINERO,18
LE,56724102,Dreddy,Evens,devens9n@noaa.gov,05/11/2006,DINERO,8
LE,16067416,Dalenna,Medling,dmedling9o@zimbio.com,24/05/2017,DINERO,43
LE,52094218,Elie,Bispham,ebispham9p@weather.com,07/10/2014,ENTREGA_TARJETAS,49
DNI,405334,Ricki,Lacoste,rlacoste9q@apache.org,07/01/2018,ENTREGA_TARJETAS,12
DNI,18010273,Leanora,Patsall,lpatsall9r@constantcontact.com,19/12/2016,REDISTRIBUCION_VIANDAS,13
DNI,1057452,Charlton,Batha,cbatha9s@msu.edu,28/01/2010,REDISTRIBUCION_VIANDAS,34
LE,46717743,Fae,Geistmann,fgeistmann9t@friendfeed.com,07/07/2012,REDISTRIBUCION_VIANDAS,43
LC,480360,Nathalie,Hallex,nhallex9u@123-reg.co.uk,29/03/2011,DONACION_VIANDAS,19
DNI,11640307,Hurley,Empleton,hempleton9v@behance.net,01/09/2008,DONACION_VIANDAS,6
LE,33576720,Cammie,Matevosian,cmatevosian9w@youtube.com,06/10/2016,DINERO,37
DNI,54288089,Adrian,Bahike,abahike9x@unesco.org,25/11/2006,REDISTRIBUCION_VIANDAS,20
LE,58871318,Ulrich,Tanner,utanner9y@shinystat.com,19/01/2019,DONACION_VIANDAS,33
LE,15715416,Clevey,Kennady,ckennady9z@twitter.com,05/03/2007,REDISTRIBUCION_VIANDAS,22
LE,48208266,Abbie,Askem,aaskema0@plala.or.jp,28/12/2013,DINERO,37
LC,19570553,Lavinia,Brasner,lbrasnera1@lulu.com,08/12/2012,DONACION_VIANDAS,35
DNI,38456663,Gallagher,Croasdale,gcroasdalea2@fc2.com,12/01/2017,ENTREGA_TARJETAS,17
DNI,7909850,Anna-diane,Portlock,aportlocka3@archive.org,21/07/2016,REDISTRIBUCION_VIANDAS,36
LC,11995021,Reinold,Meneer,rmeneera4@marriott.com,19/06/2008,DONACION_VIANDAS,21
DNI,2395996,Marin,Archdeckne,marchdecknea5@cnet.com,09/03/2019,REDISTRIBUCION_VIANDAS,33
DNI,24973866,Mirna,Amsden,mamsdena6@phpbb.com,12/08/2015,ENTREGA_TARJETAS,6
DNI,29592777,Kenn,Cufley,kcufleya7@nymag.com,18/03/2020,DONACION_VIANDAS,50
LC,52282820,Dylan,Thompkins,dthompkinsa8@elpais.com,19/03/2007,DINERO,1
DNI,42650810,Chicky,Wilkins,cwilkinsa9@skyrock.com,23/11/2019,DINERO,43
LE,28257066,Charisse,Matussov,cmatussovaa@mac.com,08/03/2008,ENTREGA_TARJETAS,11
LE,18156743,Margi,Holley,mholleyab@histats.com,23/02/2011,DONACION_VIANDAS,12
LE,49374438,Lev,De Roos,lderoosac@histats.com,17/04/2010,REDISTRIBUCION_VIANDAS,12
DNI,1640669,Cynthy,Blanpein,cblanpeinad@discuz.net,16/02/2020,REDISTRIBUCION_VIANDAS,26
DNI,42988749,Celestyn,Quan,cquanae@themeforest.net,11/05/2017,ENTREGA_TARJETAS,37
LC,15222616,Nat,Parley,nparleyaf@jiathis.com,11/02/2015,DINERO,20
LC,10536547,Lamond,Stanyland,lstanylandag@kickstarter.com,25/02/2018,REDISTRIBUCION_VIANDAS,50
LC,34176304,Stuart,Keneleyside,skeneleysideah@ucoz.ru,29/08/2019,DINERO,27
LE,7142271,Ludovika,Malinson,lmalinsonai@nbcnews.com,30/08/2009,ENTREGA_TARJETAS,45
LC,6959855,Colin,Satteford,csattefordaj@aboutads.info,23/05/2006,DONACION_VIANDAS,24
LC,40626872,Gal,Blofeld,gblofeldak@mapquest.com,24/11/2009,DINERO,43
DNI,7294972,Granger,Elcoate,gelcoateal@blinklist.com,16/01/2013,DINERO,35
DNI,28427056,Pancho,Kidsley,pkidsleyam@skype.com,23/05/2016,ENTREGA_TARJETAS,9
DNI,40301439,Hadleigh,Philippault,hphilippaultan@icio.us,15/08/2017,DINERO,15
LC,59566490,Silvano,Dullingham,sdullinghamao@smh.com.au,19/12/2008,ENTREGA_TARJETAS,14
LE,53115848,Nanon,Petters,npettersap@mlb.com,04/05/2006,DINERO,30
LE,34492696,Lelah,Grunwald,lgrunwaldaq@ibm.com,09/08/2006,DINERO,17
LE,45862535,Alie,Fellman,afellmanar@symantec.com,18/12/2019,DONACION_VIANDAS,1
DNI,36572466,Pablo,Milksop,pmilksopas@edublogs.org,15/07/2016,DONACION_VIANDAS,17
LE,51276053,Fanya,Cleaton,fcleatonat@washington.edu,03/11/2012,DINERO,19
LE,5391897,Phineas,Warby,pwarbyau@paginegialle.it,12/07/2006,REDISTRIBUCION_VIANDAS,41
DNI,17539892,Juditha,Goodier,jgoodierav@google.cn,27/07/2014,ENTREGA_TARJETAS,37
LE,48124358,Arlie,Clunie,aclunieaw@mlb.com,04/11/2006,DINERO,11
LC,43304249,Theo,Mingey,tmingeyax@icq.com,11/11/2018,ENTREGA_TARJETAS,3
DNI,40482851,Penelopa,Crothers,pcrothersay@blinklist.com,08/07/2019,REDISTRIBUCION_VIANDAS,26
LC,48768329,Adi,Bernth,abernthaz@icio.us,01/02/2008,ENTREGA_TARJETAS,43
LC,1438518,Cy,Elwell,celwellb0@eepurl.com,21/01/2015,REDISTRIBUCION_VIANDAS,16
DNI,15510119,Hube,Sibborn,hsibbornb1@opera.com,17/07/2007,DINERO,37
LC,24917184,Jamill,Found,jfoundb2@oakley.com,09/06/2009,ENTREGA_TARJETAS,11
DNI,12255593,Desirae,Drawmer,ddrawmerb3@liveinternet.ru,29/08/2011,ENTREGA_TARJETAS,3
LC,52420859,Vic,Engledow,vengledowb4@homestead.com,14/09/2019,REDISTRIBUCION_VIANDAS,29
LE,37596552,Saunderson,Everitt,severittb5@ning.com,21/05/2012,DONACION_VIANDAS,40
LC,34729927,Melly,Fabb,mfabbb6@paypal.com,06/02/2019,ENTREGA_TARJETAS,40
DNI,21122910,Beverley,Gemlbett,bgemlbettb7@mapquest.com,11/07/2009,DINERO,36
DNI,47003445,Gibbie,Frean,gfreanb8@illinois.edu,28/08/2016,REDISTRIBUCION_VIANDAS,12
DNI,46205880,My,Dairton,mdairtonb9@g.co,02/08/2014,DONACION_VIANDAS,32
DNI,6420875,Bobine,Clemas,bclemasba@bloglines.com,21/06/2009,ENTREGA_TARJETAS,11
LE,13821847,Angeline,Whanstall,awhanstallbb@digg.com,14/03/2018,DONACION_VIANDAS,11
LE,35679975,Demetre,Mottershaw,dmottershawbc@arstechnica.com,13/05/2018,DINERO,36
LC,59516358,Alida,Biasio,abiasiobd@simplemachines.org,20/08/2018,DONACION_VIANDAS,14
DNI,37832521,Abbie,Jovicic,ajovicicbe@squarespace.com,17/09/2005,ENTREGA_TARJETAS,27
DNI,43482129,Nye,Pepin,npepinbf@scientificamerican.com,02/03/2020,REDISTRIBUCION_VIANDAS,36
LE,42951041,Romy,Dedmam,rdedmambg@loc.gov,24/12/2011,DINERO,45
DNI,5724917,Darleen,Whitmell,dwhitmellbh@usatoday.com,08/07/2013,ENTREGA_TARJETAS,31
DNI,27757234,Livvie,Dutton,lduttonbi@pinterest.com,13/06/2014,REDISTRIBUCION_VIANDAS,32
LC,51825462,Benedikta,Bedwell,bbedwellbj@bigcartel.com,16/08/2008,ENTREGA_TARJETAS,23
LC,32594800,Ted,Mitten,tmittenbk@usda.gov,19/03/2007,REDISTRIBUCION_VIANDAS,4
LC,36966071,Jimmy,Pounder,jpounderbl@delicious.com,11/11/2013,ENTREGA_TARJETAS,45
DNI,23040959,Meggi,Rappoport,mrappoportbm@miitbeian.gov.cn,30/06/2014,ENTREGA_TARJETAS,20
LC,42577848,Neddie,Prodrick,nprodrickbn@europa.eu,29/03/2017,DONACION_VIANDAS,30
LE,20179672,Elaine,MacLardie,emaclardiebo@google.nl,27/12/2018,DINERO,46
LE,1073427,Arturo,O'Concannon,aoconcannonbp@home.pl,01/04/2009,DONACION_VIANDAS,39
DNI,12574824,Red,Folomin,rfolominbq@histats.com,25/04/2008,REDISTRIBUCION_VIANDAS,42
DNI,48926955,Graeme,Dimeloe,gdimeloebr@rakuten.co.jp,11/09/2015,DONACION_VIANDAS,47
LE,11788014,Augustin,Maasze,amaaszebs@chicagotribune.com,14/04/2014,REDISTRIBUCION_VIANDAS,15
LE,22838890,Claudine,Kimbrough,ckimbroughbt@youtube.com,19/06/2017,REDISTRIBUCION_VIANDAS,17
DNI,23277404,Rockie,Cremen,rcremenbu@yolasite.com,30/06/2007,REDISTRIBUCION_VIANDAS,45
LE,51657880,Elysha,Darleston,edarlestonbv@tripod.com,24/08/2013,DINERO,28
LC,19881003,Beatrix,Thomassin,bthomassinbw@sun.com,23/09/2014,DINERO,18
DNI,36907574,Larina,Szymanski,lszymanskibx@mit.edu,28/05/2017,REDISTRIBUCION_VIANDAS,47
DNI,20624726,Gill,Lapley,glapleyby@nydailynews.com,17/12/2018,REDISTRIBUCION_VIANDAS,41
LE,44020167,Victor,Podd,vpoddbz@behance.net,22/12/2008,DINERO,30
LE,41892675,Dewain,Towns,dtownsc0@hubpages.com,02/11/2008,DONACION_VIANDAS,50
LC,20752078,Kittie,Mate,kmatec1@imgur.com,29/05/2013,DONACION_VIANDAS,48
LC,5316016,Burgess,Rabbatts,brabbattsc2@businessinsider.com,30/08/2008,DONACION_VIANDAS,41
LC,20195254,Merl,Seson,msesonc3@edublogs.org,14/08/2010,ENTREGA_TARJETAS,10
LC,47138517,Eve,Rolston,erolstonc4@free.fr,07/02/2020,ENTREGA_TARJETAS,29
DNI,50406796,Artemus,Sefton,aseftonc5@ibm.com,15/11/2017,REDISTRIBUCION_VIANDAS,15
DNI,30153418,Onfroi,Shade,oshadec6@usda.gov,18/07/2014,REDISTRIBUCION_VIANDAS,34
LE,9547301,Ursulina,Garretson,ugarretsonc7@bandcamp.com,17/08/2013,DINERO,11
LC,8404939,Mamie,Seeking,mseekingc8@lycos.com,14/03/2009,ENTREGA_TARJETAS,11
DNI,4709494,Omero,O'Rudden,ooruddenc9@joomla.org,09/09/2010,ENTREGA_TARJETAS,17
LE,1331487,Bobbie,Starsmeare,bstarsmeareca@timesonline.co.uk,24/12/2018,ENTREGA_TARJETAS,41
DNI,7471586,Ring,McCoy,rmccoycb@woothemes.com,19/04/2017,DONACION_VIANDAS,46
LE,1234322,Murray,Grishaev,mgrishaevcc@bloglines.com,23/08/2015,ENTREGA_TARJETAS,47
DNI,32089961,Catie,Affron,caffroncd@addthis.com,11/01/2015,DINERO,45
LC,52479435,Almeda,Shaw,ashawce@uol.com.br,01/04/2009,ENTREGA_TARJETAS,37
LC,35803216,Pincus,Cumesky,pcumeskycf@mozilla.com,18/08/2013,DINERO,41
LE,21512196,Moria,Siegertsz,msiegertszcg@forbes.com,16/09/2006,REDISTRIBUCION_VIANDAS,45
LC,47320954,Jemie,Walburn,jwalburnch@census.gov,18/08/2012,DONACION_VIANDAS,6
LC,46741262,Haven,Kasbye,hkasbyeci@ycombinator.com,23/02/2011,DINERO,18
LE,31141204,Jessee,Frankish,jfrankishcj@sphinn.com,30/07/2007,REDISTRIBUCION_VIANDAS,30
LE,21688865,Leena,Pallas,lpallasck@tripadvisor.com,14/03/2007,DONACION_VIANDAS,33
LE,36841910,Teador,Peyntue,tpeyntuecl@alibaba.com,08/10/2009,ENTREGA_TARJETAS,36
LC,41323783,Lindon,Pencot,lpencotcm@paginegialle.it,18/05/2018,ENTREGA_TARJETAS,8
LE,35724690,Coral,Cottier,ccottiercn@house.gov,19/11/2012,DINERO,38
LE,47342434,Maure,Paynter,mpaynterco@cmu.edu,24/05/2008,DINERO,47
LC,17630799,Manny,Collet,mcolletcp@miibeian.gov.cn,08/04/2011,DONACION_VIANDAS,6
LE,21099068,August,Eland,aelandcq@istockphoto.com,02/02/2020,DINERO,20
LE,831423,Rossie,Swaffer,rswaffercr@gravatar.com,14/02/2007,DONACION_VIANDAS,16
LE,33574560,Kizzie,Lys,klyscs@comsenz.com,26/12/2008,ENTREGA_TARJETAS,49
LC,19404215,Sayer,Denyagin,sdenyaginct@reverbnation.com,14/11/2019,REDISTRIBUCION_VIANDAS,20
LC,12861087,Georgie,de Castelain,gdecastelaincu@marketwatch.com,07/12/2015,ENTREGA_TARJETAS,40
DNI,2430677,Vlad,Girone,vgironecv@fema.gov,22/07/2013,DONACION_VIANDAS,2
DNI,38349252,Adriane,Trammel,atrammelcw@ucoz.ru,15/10/2009,DINERO,37
DNI,3984488,Stepha,Sanpher,ssanphercx@jigsy.com,16/12/2018,DINERO,3
LE,30720082,Wendeline,Knappe,wknappecy@narod.ru,23/07/2016,DONACION_VIANDAS,2
LE,4006935,Pierette,Drain,pdraincz@pbs.org,29/06/2010,REDISTRIBUCION_VIANDAS,37
DNI,53524350,Julianne,Gaddie,jgaddied0@cloudflare.com,02/05/2016,DONACION_VIANDAS,7
LC,29893497,Caritta,Brockherst,cbrockherstd1@baidu.com,13/10/2014,DONACION_VIANDAS,41
DNI,360112,Jerry,Sayse,jsaysed2@uiuc.edu,10/08/2016,ENTREGA_TARJETAS,48
LE,14692174,Charis,Dencs,cdencsd3@rakuten.co.jp,14/08/2012,DINERO,9
DNI,946801,Elise,Rollitt,erollittd4@economist.com,29/05/2019,DONACION_VIANDAS,21
DNI,58913298,Micheal,McDermott,mmcdermottd5@cnet.com,08/12/2012,ENTREGA_TARJETAS,17
LC,8444704,Minetta,Pauel,mpaueld6@ibm.com,25/11/2015,DONACION_VIANDAS,22
LC,55950856,Lena,Kivelhan,lkivelhand7@google.co.jp,22/02/2007,REDISTRIBUCION_VIANDAS,4
DNI,27531267,Abel,Drewell,adrewelld8@tripadvisor.com,29/06/2017,DONACION_VIANDAS,1
DNI,29652146,Page,Ullyatt,pullyattd9@webs.com,07/11/2016,DONACION_VIANDAS,7
LE,47751339,Des,Hail,dhailda@163.com,12/07/2017,ENTREGA_TARJETAS,27
DNI,58954586,Rutter,Gaukrodge,rgaukrodgedb@cnbc.com,09/07/2015,REDISTRIBUCION_VIANDAS,12
LC,7475379,Darb,Kean,dkeandc@parallels.com,27/06/2005,ENTREGA_TARJETAS,40
DNI,9681370,Tiffie,Lourenco,tlourencodd@washington.edu,31/07/2011,ENTREGA_TARJETAS,29
LE,31548503,Theodosia,Giacovelli,tgiacovellide@creativecommons.org,05/07/2019,REDISTRIBUCION_VIANDAS,39
LC,59144340,Shem,Bresland,sbreslanddf@foxnews.com,02/10/2014,ENTREGA_TARJETAS,11
DNI,32587403,Pepe,Bywaters,pbywatersdg@stumbleupon.com,25/01/2012,REDISTRIBUCION_VIANDAS,18
DNI,25449786,Myrah,Gohier,mgohierdh@wiley.com,26/06/2008,REDISTRIBUCION_VIANDAS,45
LE,47078462,Alika,Chalder,achalderdi@nature.com,30/10/2007,REDISTRIBUCION_VIANDAS,15
LE,28624224,Stanley,Sirman,ssirmandj@yellowbook.com,19/02/2019,ENTREGA_TARJETAS,14
LC,56629789,Samuel,Francomb,sfrancombdk@moonfruit.com,21/12/2005,DINERO,8
DNI,57215582,Lisabeth,Clardge,lclardgedl@webmd.com,06/01/2017,DONACION_VIANDAS,3
LC,38666461,Hercule,Lightwing,hlightwingdm@imgur.com,22/04/2020,ENTREGA_TARJETAS,29
DNI,34961881,Todd,McKennan,tmckennandn@techcrunch.com,17/06/2017,DINERO,40
LC,5610335,Shaun,Menel,smeneldo@jiathis.com,07/06/2007,DONACION_VIANDAS,14
DNI,1918906,Martin,Austen,maustendp@hhs.gov,14/10/2013,ENTREGA_TARJETAS,35
DNI,47310253,Ferd,Colt,fcoltdq@linkedin.com,23/05/2014,DONACION_VIANDAS,46
LE,30239461,Blair,Gowrich,bgowrichdr@senate.gov,21/08/2012,ENTREGA_TARJETAS,30
LE,49957559,Trevar,Goodinge,tgoodingeds@google.pl,15/04/2012,REDISTRIBUCION_VIANDAS,30
LE,19033264,Karlan,Worpole,kworpoledt@chronoengine.com,02/05/2015,REDISTRIBUCION_VIANDAS,23
DNI,31270601,Laetitia,Blackaby,lblackabydu@earthlink.net,28/07/2018,REDISTRIBUCION_VIANDAS,27
LC,33186385,Krissie,Streater,kstreaterdv@mit.edu,23/02/2006,DINERO,42
DNI,3684882,Noemi,Buttress,nbuttressdw@blinklist.com,15/09/2016,REDISTRIBUCION_VIANDAS,26
LE,15341564,Thornton,Jamot,tjamotdx@ucsd.edu,05/08/2017,ENTREGA_TARJETAS,50
LE,22910502,Heath,Colleford,hcolleforddy@businesswire.com,27/08/2009,DONACION_VIANDAS,39
DNI,41886284,Benson,Bourgourd,bbourgourddz@photobucket.com,07/02/2009,DINERO,29
DNI,37398641,Burlie,Prescote,bprescotee0@myspace.com,24/08/2016,ENTREGA_TARJETAS,17
DNI,11252434,Stephani,Novak,snovake1@t.co,27/04/2016,DINERO,21
DNI,49025757,Markus,Ciobutaro,mciobutaroe2@aol.com,18/08/2010,DINERO,39
LE,39937770,Matias,Lacotte,mlacottee3@technorati.com,10/04/2014,DINERO,9
DNI,24392195,Dalt,Willment,dwillmente4@unblog.fr,02/12/2008,DINERO,45
DNI,25996719,Elliot,Beardsdale,ebeardsdalee5@businessweek.com,24/11/2010,ENTREGA_TARJETAS,33
DNI,40308224,Esta,Gudde,eguddee6@digg.com,03/02/2011,DINERO,35
LC,15902551,Kristal,Bristowe,kbristowee7@youtube.com,14/05/2011,REDISTRIBUCION_VIANDAS,9
LC,56950515,Georgy,Gillham,ggillhame8@1und1.de,13/04/2020,ENTREGA_TARJETAS,7
LE,23824813,Zaria,Dumpleton,zdumpletone9@umich.edu,07/11/2018,REDISTRIBUCION_VIANDAS,6
LE,23950764,Cyril,Conway,cconwayea@noaa.gov,04/04/2014,DINERO,48
LC,47825386,Minnaminnie,Bemlott,mbemlotteb@weebly.com,24/12/2019,REDISTRIBUCION_VIANDAS,28
LC,4093431,Adara,Deverill,adeverillec@live.com,07/08/2011,ENTREGA_TARJETAS,45
LE,22205719,Evelyn,Saturley,esaturleyed@squidoo.com,19/08/2018,ENTREGA_TARJETAS,10
LC,51977076,Christiano,Callear,ccallearee@sun.com,14/05/2011,ENTREGA_TARJETAS,36
LC,56279695,Donetta,Thelwll,dthelwllef@desdev.cn,17/04/2013,DINERO,44
DNI,53757942,Gilberta,Ropcke,gropckeeg@wp.com,11/01/2013,ENTREGA_TARJETAS,25
LE,8675568,Micah,Wohlers,mwohlerseh@twitpic.com,14/06/2009,DINERO,38
DNI,30790399,Shaw,Gellett,sgellettei@nhs.uk,28/01/2010,ENTREGA_TARJETAS,48
DNI,32071094,Sylvan,Mease,smeaseej@cnbc.com,16/01/2009,DONACION_VIANDAS,8
DNI,54653806,Emlen,Boater,eboaterek@census.gov,30/09/2019,DONACION_VIANDAS,13
DNI,34769737,Gerik,Olesen,golesenel@skype.com,11/03/2016,DONACION_VIANDAS,48
DNI,16765533,Rozanna,Shovel,rshovelem@mail.ru,05/04/2009,REDISTRIBUCION_VIANDAS,16
DNI,30745013,Kessia,Doby,kdobyen@foxnews.com,11/11/2009,REDISTRIBUCION_VIANDAS,28
LC,6504553,Jemie,McLachlan,jmclachlaneo@xrea.com,25/06/2011,DONACION_VIANDAS,34
LC,4779979,Cindie,Elbourne,celbourneep@freewebs.com,29/07/2013,REDISTRIBUCION_VIANDAS,20
LC,56273004,Brigitta,Twede,btwedeeq@addtoany.com,31/08/2010,ENTREGA_TARJETAS,39
DNI,45565381,Thorin,Wyldbore,twyldboreer@goo.gl,18/05/2016,DINERO,30
DNI,12041632,Paton,Iwaszkiewicz,piwaszkiewiczes@domainmarket.com,15/04/2011,DONACION_VIANDAS,16
LE,55616428,Dalila,Aughtie,daughtieet@oracle.com,21/06/2011,ENTREGA_TARJETAS,49
LE,17530245,Alma,Mecco,ameccoeu@ucoz.com,15/05/2008,ENTREGA_TARJETAS,12
LE,1361006,Marlo,Rubinowitz,mrubinowitzev@godaddy.com,25/01/2007,DINERO,16
LC,29124048,Savina,Verne,sverneew@psu.edu,25/03/2006,REDISTRIBUCION_VIANDAS,31
DNI,2145310,Alexio,Pedrol,apedrolex@omniture.com,26/11/2007,ENTREGA_TARJETAS,25
LC,22965014,Andris,Seawell,aseawelley@newsvine.com,26/11/2015,DINERO,31
LC,16360034,Gothart,Ickovici,gickoviciez@jimdo.com,03/02/2009,REDISTRIBUCION_VIANDAS,21
LE,22602132,Tucker,Dillintone,tdillintonef0@homestead.com,16/10/2017,ENTREGA_TARJETAS,18
LE,35142505,Mitchel,Holworth,mholworthf1@cpanel.net,31/10/2018,DINERO,1
DNI,37448780,Caterina,Bedenham,cbedenhamf2@zdnet.com,22/05/2007,ENTREGA_TARJETAS,50
LC,42428910,Dannel,Argent,dargentf3@un.org,03/10/2005,REDISTRIBUCION_VIANDAS,20
LE,32100574,Jeniffer,Ollett,jollettf4@goodreads.com,16/04/2016,DONACION_VIANDAS,42
LC,36964882,Gladi,Goroni,ggoronif5@abc.net.au,21/03/2020,REDISTRIBUCION_VIANDAS,32
DNI,12185406,Bryna,MacKnocker,bmacknockerf6@parallels.com,27/01/2017,DONACION_VIANDAS,32
LE,20639974,Esme,Farnfield,efarnfieldf7@chronoengine.com,25/04/2020,REDISTRIBUCION_VIANDAS,17
LE,45023845,Nelia,Hookes,nhookesf8@issuu.com,23/10/2011,ENTREGA_TARJETAS,4
DNI,37757319,Rodney,O'Hartagan,rohartaganf9@parallels.com,03/06/2017,DINERO,12
LC,36391275,Karim,Claasen,kclaasenfa@wunderground.com,27/02/2015,DONACION_VIANDAS,4
LE,27431925,Saudra,Leebetter,sleebetterfb@nbcnews.com,23/06/2016,REDISTRIBUCION_VIANDAS,1
LE,4337933,Allyson,Chennells,achennellsfc@businessinsider.com,07/04/2009,ENTREGA_TARJETAS,35
LE,14759107,Lincoln,Perrone,lperronefd@spotify.com,17/05/2016,DINERO,17
DNI,6912516,Dame,Turfitt,dturfittfe@dion.ne.jp,30/11/2019,REDISTRIBUCION_VIANDAS,41
LC,39552990,Lenee,Peperell,lpeperellff@hp.com,16/12/2015,ENTREGA_TARJETAS,25
LC,57180572,Trista,Ranscombe,transcombefg@wunderground.com,19/02/2006,REDISTRIBUCION_VIANDAS,38
LC,45958313,Velvet,Hallstone,vhallstonefh@tamu.edu,20/11/2014,REDISTRIBUCION_VIANDAS,23
LE,9229202,Dmitri,Matyatin,dmatyatinfi@washington.edu,24/09/2010,REDISTRIBUCION_VIANDAS,32
DNI,41599774,Ottilie,Wycherley,owycherleyfj@nationalgeographic.com,29/09/2011,REDISTRIBUCION_VIANDAS,4
LE,56796080,Teodorico,Beel,tbeelfk@fema.gov,28/04/2012,DINERO,34
LE,25190311,Tamar,Maidment,tmaidmentfl@tmall.com,18/11/2013,DINERO,16
LE,4239535,Ogdon,Harrow,oharrowfm@google.com.au,26/09/2018,DINERO,48
LE,16962755,Zacharie,Burchill,zburchillfn@tumblr.com,06/01/2016,ENTREGA_TARJETAS,29
LE,3044502,Arabella,Jancey,ajanceyfo@shutterfly.com,04/08/2010,DINERO,22
LC,35804704,Katusha,Spriggin,ksprigginfp@mozilla.org,26/01/2020,DONACION_VIANDAS,24
LE,49660711,Bond,Leaver,bleaverfq@slashdot.org,27/05/2017,ENTREGA_TARJETAS,21
DNI,2578378,Audie,Pablo,apablofr@oakley.com,10/02/2012,DONACION_VIANDAS,20
LC,7658743,Ludovico,McTurlough,lmcturloughfs@paginegialle.it,22/02/2010,DINERO,40
LE,38758502,Cassi,Koop,ckoopft@networkadvertising.org,12/02/2009,ENTREGA_TARJETAS,44
DNI,16812652,Brucie,Greson,bgresonfu@boston.com,29/07/2017,REDISTRIBUCION_VIANDAS,12
DNI,53033245,Aubry,Creamer,acreamerfv@baidu.com,29/10/2011,DINERO,49
LC,3564373,Rawley,Vince,rvincefw@geocities.jp,04/07/2014,DINERO,13
LC,45104384,Dasie,Gronaller,dgronallerfx@aol.com,21/04/2011,REDISTRIBUCION_VIANDAS,35
DNI,33109156,Webb,Gudgen,wgudgenfy@tripod.com,20/07/2007,DINERO,1
LC,5323290,Aloisia,Laverty,alavertyfz@walmart.com,02/06/2007,REDISTRIBUCION_VIANDAS,5
LC,2481425,Melli,Hawsby,mhawsbyg0@artisteer.com,29/07/2006,ENTREGA_TARJETAS,25
LC,12214431,Dion,Paskerful,dpaskerfulg1@issuu.com,30/06/2015,DONACION_VIANDAS,42
LC,45231255,Domeniga,Balog,dbalogg2@facebook.com,02/06/2009,DINERO,36
DNI,58678225,Theo,Basey,tbaseyg3@symantec.com,28/03/2007,DONACION_VIANDAS,8
LE,48393242,Allis,Este,aesteg4@t.co,08/10/2007,REDISTRIBUCION_VIANDAS,14
LE,25690653,Ned,Vautin,nvauting5@google.nl,13/03/2017,DONACION_VIANDAS,43
LE,33042104,Kellsie,Connold,kconnoldg6@arstechnica.com,19/05/2014,DONACION_VIANDAS,36
DNI,8937830,Bendick,Yuranovev,byuranovevg7@histats.com,04/04/2019,REDISTRIBUCION_VIANDAS,34
LE,19799138,Laurianne,Jakucewicz,ljakucewiczg8@rediff.com,13/06/2016,DINERO,17
LC,12975033,Heath,Nowland,hnowlandg9@addthis.com,10/04/2017,ENTREGA_TARJETAS,43
LE,28394988,Lodovico,Brobyn,lbrobynga@ifeng.com,29/03/2014,ENTREGA_TARJETAS,10
LE,44884599,Cybill,Mennithorp,cmennithorpgb@skype.com,17/12/2016,DONACION_VIANDAS,46
LC,17126149,Alonzo,Brattell,abrattellgc@fotki.com,12/07/2019,REDISTRIBUCION_VIANDAS,26
DNI,18298978,Charlene,Lente,clentegd@chicagotribune.com,27/09/2013,DONACION_VIANDAS,9
DNI,39559107,Saxon,Sibbet,ssibbetge@google.nl,17/07/2017,DINERO,11
LC,41281839,Seward,Ehlerding,sehlerdinggf@free.fr,06/08/2017,ENTREGA_TARJETAS,48
LE,48012367,Michaeline,Kellington,mkellingtongg@psu.edu,18/09/2017,REDISTRIBUCION_VIANDAS,19
LC,38719706,Drake,Blockwell,dblockwellgh@virginia.edu,03/12/2006,DONACION_VIANDAS,45
LC,5612440,Thea,Hakewell,thakewellgi@photobucket.com,20/07/2009,REDISTRIBUCION_VIANDAS,8
LC,35057294,Theadora,Lincoln,tlincolngj@zimbio.com,25/12/2012,DONACION_VIANDAS,38
LE,8639978,Rhea,Allabush,rallabushgk@nydailynews.com,25/06/2007,DINERO,4
LE,29550266,Arvy,Fazackerley,afazackerleygl@businessinsider.com,24/06/2008,REDISTRIBUCION_VIANDAS,28
LC,28504002,Nicolai,Mulvihill,nmulvihillgm@sohu.com,20/03/2016,ENTREGA_TARJETAS,27
LE,54039029,Helli,Hawking,hhawkinggn@mlb.com,07/11/2008,REDISTRIBUCION_VIANDAS,47
DNI,35416397,Charla,Trout,ctroutgo@ovh.net,28/01/2010,ENTREGA_TARJETAS,38
DNI,44990856,Meyer,Lorden,mlordengp@sogou.com,19/08/2017,REDISTRIBUCION_VIANDAS,37
DNI,43416891,Lonee,Pendrey,lpendreygq@un.org,02/02/2012,ENTREGA_TARJETAS,47
LE,4688085,Oliviero,Cowthart,ocowthartgr@sitemeter.com,06/03/2017,DONACION_VIANDAS,45
LC,11819374,Lek,Leng,llenggs@skyrock.com,26/09/2010,DONACION_VIANDAS,44
LE,48250687,Alla,Southerell,asoutherellgt@live.com,20/12/2007,DONACION_VIANDAS,38
LC,1015985,Henrik,Besnardeau,hbesnardeaugu@cpanel.net,03/12/2008,REDISTRIBUCION_VIANDAS,21
DNI,47340088,Theo,Anstis,tanstisgv@theatlantic.com,10/10/2007,ENTREGA_TARJETAS,27
DNI,41482412,Allyn,Goff,agoffgw@google.de,05/06/2011,ENTREGA_TARJETAS,24
LC,37718327,Bran,Drennan,bdrennangx@nba.com,04/07/2010,REDISTRIBUCION_VIANDAS,47
LE,50349124,Artemus,Clearley,aclearleygy@4shared.com,03/02/2006,REDISTRIBUCION_VIANDAS,12
LC,47704688,Samson,Heaphy,sheaphygz@bandcamp.com,14/01/2006,REDISTRIBUCION_VIANDAS,35
LE,52217510,Cobby,Croke,ccrokeh0@skype.com,22/07/2008,DONACION_VIANDAS,25
LC,23728343,Ches,Coakley,ccoakleyh1@ezinearticles.com,26/02/2016,DONACION_VIANDAS,43
LE,27235817,Deedee,Blackborn,dblackbornh2@gmpg.org,08/02/2015,ENTREGA_TARJETAS,36
LC,8400357,De,Liver,dliverh3@tinyurl.com,30/08/2016,REDISTRIBUCION_VIANDAS,23
LE,9939552,Ethan,Darlison,edarlisonh4@e-recht24.de,15/06/2018,DONACION_VIANDAS,1
LE,12776324,Jaquelin,Revening,jreveningh5@geocities.com,02/06/2010,DONACION_VIANDAS,7
LC,6931726,Garald,Filipputti,gfilipputtih6@facebook.com,24/06/2017,ENTREGA_TARJETAS,17
LE,36648897,Arda,Clethro,aclethroh7@sciencedirect.com,20/02/2009,ENTREGA_TARJETAS,3
DNI,31018471,Jewel,Urpeth,jurpethh8@cnn.com,24/09/2014,REDISTRIBUCION_VIANDAS,10
LE,44024514,Katrine,Frankcom,kfrankcomh9@businessweek.com,04/10/2009,DONACION_VIANDAS,39
DNI,26136235,Lexi,Reilly,lreillyha@stumbleupon.com,24/07/2006,DINERO,25
LC,6407720,Amery,Dosdill,adosdillhb@weather.com,22/05/2014,DONACION_VIANDAS,2
DNI,22772437,Elizabet,Matyukon,ematyukonhc@ucoz.ru,07/05/2009,REDISTRIBUCION_VIANDAS,13
DNI,100785,Montague,Mingauld,mmingauldhd@goodreads.com,06/11/2006,ENTREGA_TARJETAS,47
LC,19824786,Thibaud,Storrie,tstorriehe@mashable.com,01/06/2013,REDISTRIBUCION_VIANDAS,16
DNI,17355476,Georgie,Bowering,gboweringhf@addtoany.com,01/11/2010,DINERO,42
DNI,58400523,Angie,Sandercock,asandercockhg@netscape.com,06/02/2009,REDISTRIBUCION_VIANDAS,23
DNI,31943698,Karine,Harsant,kharsanthh@theguardian.com,21/12/2010,DONACION_VIANDAS,15
LC,51618102,Ralina,Gammidge,rgammidgehi@bbc.co.uk,15/06/2014,ENTREGA_TARJETAS,43
LE,38159656,Skell,Kervin,skervinhj@prlog.org,29/08/2017,DONACION_VIANDAS,21
LC,35925056,Bud,Basilio,bbasiliohk@ucla.edu,08/07/2009,ENTREGA_TARJETAS,42
LE,40662084,Prudence,Crowdy,pcrowdyhl@wisc.edu,10/07/2016,DINERO,39
LE,11040320,Pippy,Grece,pgrecehm@purevolume.com,11/11/2010,DONACION_VIANDAS,24
LC,28638194,Gerianna,Reddihough,greddihoughhn@cam.ac.uk,24/09/2016,DINERO,48
LC,31378890,Giordano,Swayne,gswayneho@bbb.org,26/01/2014,ENTREGA_TARJETAS,31
LC,28793212,Durward,Denne,ddennehp@wired.com,08/01/2006,REDISTRIBUCION_VIANDAS,8
LC,41519286,Eveleen,Jaine,ejainehq@umn.edu,09/11/2018,REDISTRIBUCION_VIANDAS,10
DNI,19450709,Babbette,Conradie,bconradiehr@ft.com,02/12/2016,DONACION_VIANDAS,46
DNI,4104049,Gerrard,Rodenborch,grodenborchhs@howstuffworks.com,24/11/2013,ENTREGA_TARJETAS,28
LC,3166887,Hugues,Coon,hcoonht@i2i.jp,21/09/2015,ENTREGA_TARJETAS,46
LC,7496401,Perl,De Launde,pdelaundehu@nba.com,16/02/2006,ENTREGA_TARJETAS,38
LC,30887251,Luca,Guille,lguillehv@last.fm,19/03/2007,ENTREGA_TARJETAS,15
LC,32776473,Richmond,Wyson,rwysonhw@youtu.be,31/05/2011,REDISTRIBUCION_VIANDAS,43
LE,16406861,Grissel,Jauncey,gjaunceyhx@google.it,03/05/2012,ENTREGA_TARJETAS,2
LE,36488471,Coraline,Fenners,cfennershy@msu.edu,17/04/2018,REDISTRIBUCION_VIANDAS,47
LE,29188811,Selena,Fantin,sfantinhz@tmall.com,01/01/2008,ENTREGA_TARJETAS,4
LC,16990566,Miner,Ranyard,mranyardi0@360.cn,16/12/2007,REDISTRIBUCION_VIANDAS,48
DNI,36263943,Shirlene,Martschke,smartschkei1@yahoo.co.jp,04/10/2017,ENTREGA_TARJETAS,22
DNI,47594904,Paul,Serjent,pserjenti2@surveymonkey.com,22/11/2011,ENTREGA_TARJETAS,22
LE,57570629,Worthington,Cohani,wcohanii3@friendfeed.com,12/01/2007,DONACION_VIANDAS,36
DNI,47452098,Augustine,Dufaire,adufairei4@cmu.edu,15/08/2005,REDISTRIBUCION_VIANDAS,1
DNI,54123249,Thelma,Inger,tingeri5@hexun.com,16/08/2006,DINERO,22
LE,56391415,Rozelle,Garnson,rgarnsoni6@prlog.org,27/11/2016,REDISTRIBUCION_VIANDAS,37
LE,33053494,Gasparo,Evennett,gevennetti7@bbc.co.uk,03/03/2017,DONACION_VIANDAS,28
LE,16336674,Gleda,Brownscombe,gbrownscombei8@moonfruit.com,20/03/2013,DONACION_VIANDAS,20
LC,36386712,Carney,Wherrett,cwherretti9@indiegogo.com,26/01/2018,DONACION_VIANDAS,12
LE,11943740,Aleksandr,Scuse,ascuseia@utexas.edu,06/10/2007,DINERO,24
LC,57821410,Hailey,Alleyne,halleyneib@mlb.com,19/04/2013,ENTREGA_TARJETAS,28
DNI,36289613,Tad,Matusevich,tmatusevichic@hhs.gov,19/06/2018,REDISTRIBUCION_VIANDAS,25
DNI,16035292,Vinnie,Renac,vrenacid@istockphoto.com,16/11/2007,REDISTRIBUCION_VIANDAS,13
LC,25220515,Jeth,Gheerhaert,jgheerhaertie@linkedin.com,10/03/2015,ENTREGA_TARJETAS,37
DNI,7917734,Dore,Bunston,dbunstonif@cdc.gov,02/04/2018,ENTREGA_TARJETAS,11
DNI,17356981,Montague,Lupton,mluptonig@java.com,11/03/2015,DINERO,9
DNI,18401632,Roxanne,Frear,rfrearih@businessinsider.com,21/11/2010,ENTREGA_TARJETAS,35
LE,42868204,Lew,Gradly,lgradlyii@ycombinator.com,28/06/2013,DONACION_VIANDAS,20
LC,25005833,Danie,Felmingham,dfelminghamij@upenn.edu,17/12/2017,REDISTRIBUCION_VIANDAS,36
LC,8513457,Pren,Cersey,pcerseyik@google.es,06/07/2006,DONACION_VIANDAS,25
LE,55643086,Danit,Gullen,dgullenil@csmonitor.com,06/03/2018,DONACION_VIANDAS,41
LE,30589546,Constancia,Goodsall,cgoodsallim@angelfire.com,31/10/2009,DONACION_VIANDAS,22
DNI,33022095,Stephie,MacAirt,smacairtin@friendfeed.com,01/01/2010,REDISTRIBUCION_VIANDAS,2
DNI,34047072,Dynah,Blowing,dblowingio@infoseek.co.jp,26/05/2019,DONACION_VIANDAS,27
LC,54627638,Giacinta,Eadmead,geadmeadip@angelfire.com,14/12/2017,DONACION_VIANDAS,38
DNI,24528637,Myrwyn,Barday,mbardayiq@de.vu,10/03/2014,DINERO,5
DNI,5869733,Kristi,Pengelley,kpengelleyir@amazon.co.uk,16/08/2005,DINERO,3
LC,8884177,Calli,Kiehne,ckiehneis@slashdot.org,11/08/2009,REDISTRIBUCION_VIANDAS,23
DNI,20077201,Fanni,Flanner,fflannerit@dagondesign.com,30/11/2018,ENTREGA_TARJETAS,47
LE,8691763,Rolf,Haddeston,rhaddestoniu@plala.or.jp,14/11/2010,REDISTRIBUCION_VIANDAS,37
DNI,7764328,Filbert,Robeson,frobesoniv@techcrunch.com,21/11/2005,ENTREGA_TARJETAS,12
LC,28158499,Barbara,Gurry,bgurryiw@fda.gov,03/10/2007,ENTREGA_TARJETAS,15
DNI,8136084,Fifine,Burkin,fburkinix@soup.io,11/08/2015,REDISTRIBUCION_VIANDAS,23
DNI,48738851,Krystal,Beltzner,kbeltzneriy@howstuffworks.com,03/08/2012,REDISTRIBUCION_VIANDAS,5
LE,2391628,Humberto,Hundall,hhundalliz@devhub.com,20/10/2013,REDISTRIBUCION_VIANDAS,18
LE,26798336,Vivienne,Roscrigg,vroscriggj0@ask.com,14/03/2010,DONACION_VIANDAS,32
LC,47046061,Jorry,Shucksmith,jshucksmithj1@mayoclinic.com,19/02/2007,DINERO,1
LC,15796229,Robinet,Brandel,rbrandelj2@addtoany.com,03/03/2011,DONACION_VIANDAS,36
DNI,40898567,Robinet,Trivett,rtrivettj3@mlb.com,13/04/2014,ENTREGA_TARJETAS,49
LC,23536881,Kerrill,Suthworth,ksuthworthj4@tripod.com,22/04/2008,DONACION_VIANDAS,24
DNI,48502184,Amalita,Elsmor,aelsmorj5@imgur.com,07/09/2014,REDISTRIBUCION_VIANDAS,47
LC,58303286,Ferdinanda,Ziehms,fziehmsj6@chronoengine.com,05/03/2010,REDISTRIBUCION_VIANDAS,18
LC,5664567,Emmaline,Warburton,ewarburtonj7@businesswire.com,19/05/2007,ENTREGA_TARJETAS,3
DNI,23847921,Jerry,Drewery,jdreweryj8@google.com.hk,02/09/2005,DINERO,23
LE,25834374,Nealson,Itzchaki,nitzchakij9@bbb.org,09/08/2013,DINERO,2
DNI,28600266,Tiff,Gisbey,tgisbeyja@privacy.gov.au,12/03/2018,REDISTRIBUCION_VIANDAS,1
LC,30432654,Kania,Aaronson,kaaronsonjb@noaa.gov,28/08/2016,REDISTRIBUCION_VIANDAS,2
LC,39036263,Herbie,Batalini,hbatalinijc@baidu.com,16/03/2010,ENTREGA_TARJETAS,23
DNI,44005818,Jorey,Chasmar,jchasmarjd@tripadvisor.com,02/07/2005,REDISTRIBUCION_VIANDAS,37
LC,23180898,Hermine,Southers,hsouthersje@spotify.com,08/03/2020,DONACION_VIANDAS,5
LC,21948000,Lyn,Thirst,lthirstjf@bandcamp.com,05/03/2006,DONACION_VIANDAS,13
LE,36671868,Kendricks,Westphal,kwestphaljg@wikispaces.com,06/07/2010,DINERO,31
LC,4510091,Britt,Smithend,bsmithendjh@soup.io,30/04/2016,REDISTRIBUCION_VIANDAS,13
DNI,9153703,Pooh,Pulfer,ppulferji@dion.ne.jp,31/01/2010,REDISTRIBUCION_VIANDAS,47
LE,5993951,Thia,Layhe,tlayhejj@discovery.com,15/03/2018,ENTREGA_TARJETAS,40
LE,55931025,Tasha,Heinz,theinzjk@virginia.edu,11/05/2017,ENTREGA_TARJETAS,25
LE,32139114,Dodie,Kettlewell,dkettlewelljl@unblog.fr,20/06/2015,DONACION_VIANDAS,42
DNI,26555966,Delmor,Giddy,dgiddyjm@jiathis.com,02/02/2019,ENTREGA_TARJETAS,33
DNI,23882521,Georgie,Fost,gfostjn@php.net,13/01/2018,DONACION_VIANDAS,28
LE,48398228,Mina,Downgate,mdowngatejo@xing.com,10/01/2019,REDISTRIBUCION_VIANDAS,38
LC,48504246,Alonso,Sabattier,asabattierjp@mozilla.org,05/06/2009,DINERO,14
LC,7413280,Pamella,Pfertner,ppfertnerjq@wix.com,24/01/2011,DONACION_VIANDAS,39
LE,42864194,Marcos,Pretsell,mpretselljr@example.com,27/05/2020,ENTREGA_TARJETAS,1
DNI,37134872,Letty,Trenholme,ltrenholmejs@tripadvisor.com,24/05/2009,DINERO,3
LE,5837541,Berkly,McArtan,bmcartanjt@wordpress.org,20/05/2010,REDISTRIBUCION_VIANDAS,35
DNI,28430393,Eliza,Mattheeuw,emattheeuwju@yolasite.com,31/12/2005,REDISTRIBUCION_VIANDAS,18
LE,24455790,Thorstein,Lockie,tlockiejv@army.mil,09/03/2019,DONACION_VIANDAS,49
DNI,15229860,Julia,Fugere,jfugerejw@ted.com,19/04/2015,DINERO,9
LE,32194232,Phelia,Lorrimer,plorrimerjx@mtv.com,26/05/2011,ENTREGA_TARJETAS,15
LC,187134,Gary,Euston,geustonjy@domainmarket.com,22/07/2009,DONACION_VIANDAS,46
DNI,28817647,Johnath,Ingray,jingrayjz@discovery.com,06/05/2020,ENTREGA_TARJETAS,20
LC,10663513,Tammara,Amy,tamyk0@nymag.com,01/08/2014,ENTREGA_TARJETAS,41
DNI,8583107,Genovera,Harrigan,gharrigank1@discuz.net,31/01/2019,DONACION_VIANDAS,35
DNI,20636432,Jo,Lawry,jlawryk2@e-recht24.de,29/12/2008,DONACION_VIANDAS,4
LE,24506899,Alexia,Dominick,adominickk3@vistaprint.com,20/01/2010,DONACION_VIANDAS,7
LE,59441921,Shawn,Benediktsson,sbenediktssonk4@wikia.com,13/03/2015,DONACION_VIANDAS,40
DNI,4259247,Kellie,Itschakov,kitschakovk5@e-recht24.de,01/10/2018,DINERO,9
DNI,4395849,Christina,Deare,cdearek6@sun.com,10/10/2010,ENTREGA_TARJETAS,49
DNI,11973892,Fran,Bloomfield,fbloomfieldk7@etsy.com,06/10/2005,REDISTRIBUCION_VIANDAS,50
LC,20825762,Joell,Vinsen,jvinsenk8@craigslist.org,01/05/2016,DINERO,50
LE,703791,Silvain,Eskriett,seskriettk9@amazon.co.uk,30/04/2018,REDISTRIBUCION_VIANDAS,35
LC,1539046,Dre,Keepe,dkeepeka@facebook.com,20/03/2009,REDISTRIBUCION_VIANDAS,41
LE,11769370,Faythe,Scudamore,fscudamorekb@icio.us,01/04/2011,DONACION_VIANDAS,49
DNI,8289286,Jazmin,Philott,jphilottkc@weebly.com,27/04/2013,DINERO,42
LC,3104280,Danell,Munnery,dmunnerykd@webs.com,07/10/2014,DONACION_VIANDAS,21
LE,11303363,Eve,Sancto,esanctoke@twitpic.com,11/04/2016,DONACION_VIANDAS,1
DNI,31091892,Roxine,MacMakin,rmacmakinkf@theatlantic.com,06/02/2007,DINERO,14
DNI,34245745,Tabbie,Dow,tdowkg@ftc.gov,25/12/2017,DINERO,20
DNI,10691389,Aurilia,Giacopelo,agiacopelokh@chicagotribune.com,31/10/2005,ENTREGA_TARJETAS,34
LC,19984712,Modesta,Dohr,mdohrki@wp.com,15/12/2007,ENTREGA_TARJETAS,35
LE,37966332,Tessy,Courtes,tcourteskj@hibu.com,27/04/2013,REDISTRIBUCION_VIANDAS,9
LE,28988775,Daron,Eade,deadekk@webmd.com,15/12/2008,DINERO,28
LC,43675673,Tish,Fenck,tfenckkl@vkontakte.ru,23/05/2019,ENTREGA_TARJETAS,6
LE,26199307,Bryna,Binstead,bbinsteadkm@unc.edu,09/08/2006,REDISTRIBUCION_VIANDAS,11
LC,27689633,Calvin,Lubbock,clubbockkn@amazon.com,09/07/2006,ENTREGA_TARJETAS,14
LE,57797904,Dolly,Hafford,dhaffordko@timesonline.co.uk,28/01/2011,REDISTRIBUCION_VIANDAS,4
DNI,9768445,Othella,Dossetter,odossetterkp@desdev.cn,06/07/2017,DINERO,43
LC,26453656,Elston,Kibbye,ekibbyekq@qq.com,13/04/2007,DINERO,5
LE,36839197,Roberta,O'Keefe,rokeefekr@freewebs.com,26/05/2009,REDISTRIBUCION_VIANDAS,37
LC,59323300,Arnoldo,Beardwood,abeardwoodks@diigo.com,04/05/2018,DONACION_VIANDAS,24
DNI,42935897,Stacee,Gregori,sgregorikt@multiply.com,14/10/2013,DONACION_VIANDAS,29
DNI,32076602,Peg,Conner,pconnerku@github.io,03/09/2013,REDISTRIBUCION_VIANDAS,4
DNI,23556218,Lazare,Dunkley,ldunkleykv@reddit.com,19/08/2012,REDISTRIBUCION_VIANDAS,18
LC,32842613,Sawyere,Garrigan,sgarrigankw@wsj.com,02/09/2012,DONACION_VIANDAS,23
LE,9710020,Elinor,Bordis,ebordiskx@cloudflare.com,25/03/2014,DINERO,18
LC,21691221,Jamal,Chopping,jchoppingky@amazon.com,30/03/2014,REDISTRIBUCION_VIANDAS,32
LE,3942293,Marcel,Staterfield,mstaterfieldkz@netlog.com,28/08/2018,ENTREGA_TARJETAS,4
LC,59104363,Damon,Oblein,dobleinl0@netscape.com,14/09/2010,REDISTRIBUCION_VIANDAS,45
LE,47147531,Lorita,Brauner,lbraunerl1@ask.com,25/02/2012,DONACION_VIANDAS,35
LE,46865252,Elana,Greiser,egreiserl2@stumbleupon.com,27/11/2011,REDISTRIBUCION_VIANDAS,18
LC,59445981,Kylen,Sacker,ksackerl3@dedecms.com,01/03/2014,REDISTRIBUCION_VIANDAS,19
DNI,41156785,Aila,Jarmaine,ajarmainel4@mashable.com,24/11/2007,ENTREGA_TARJETAS,12
LC,1040307,Emmalynne,Lourenco,elourencol5@unicef.org,09/12/2008,ENTREGA_TARJETAS,3
LE,58262491,Giavani,Tuxsell,gtuxselll6@theguardian.com,11/06/2011,ENTREGA_TARJETAS,28
LE,56901857,Fredra,Armour,farmourl7@ocn.ne.jp,04/03/2010,DINERO,38
LE,10230511,Hastings,Lowy,hlowyl8@cam.ac.uk,30/05/2012,ENTREGA_TARJETAS,2
DNI,57887229,Walsh,Powers,wpowersl9@webnode.com,23/06/2012,DONACION_VIANDAS,11
LE,34526772,Doyle,Keepence,dkeepencela@cnbc.com,05/07/2007,REDISTRIBUCION_VIANDAS,23
LE,48467988,Domingo,Yglesia,dyglesialb@infoseek.co.jp,01/04/2006,REDISTRIBUCION_VIANDAS,6
DNI,35600285,Diane,Sisley,dsisleylc@shareasale.com,18/06/2012,ENTREGA_TARJETAS,27
LE,5719695,Ulric,Haslum,uhaslumld@tuttocitta.it,21/10/2018,REDISTRIBUCION_VIANDAS,27
LC,19508934,Gabe,ducarme,gducarmele@ftc.gov,23/04/2007,ENTREGA_TARJETAS,18
LE,58589111,Larissa,Gonsalvez,lgonsalvezlf@simplemachines.org,06/10/2008,ENTREGA_TARJETAS,8
LC,53064759,Anestassia,Carthy,acarthylg@flavors.me,09/07/2017,DONACION_VIANDAS,49
LE,26872207,Camille,Di Frisco,cdifriscolh@fema.gov,18/05/2007,REDISTRIBUCION_VIANDAS,27
LE,47469806,Karlan,Gilstin,kgilstinli@spiegel.de,22/02/2009,REDISTRIBUCION_VIANDAS,10
LE,37992473,Dorothee,Fike,dfikelj@stumbleupon.com,23/11/2014,DONACION_VIANDAS,39
DNI,1043598,Frasquito,Kettlestringes,fkettlestringeslk@clickbank.net,02/04/2012,DINERO,33
DNI,45063065,Roderic,Poulgreen,rpoulgreenll@marketwatch.com,10/04/2019,DINERO,45
LC,45571619,Wilfrid,Codman,wcodmanlm@parallels.com,10/07/2006,ENTREGA_TARJETAS,22
LE,50293045,Nan,Matussevich,nmatussevichln@etsy.com,24/07/2019,REDISTRIBUCION_VIANDAS,29
LC,26695669,Carrie,Lauderdale,clauderdalelo@nyu.edu,03/11/2015,REDISTRIBUCION_VIANDAS,33
LE,11813902,Heinrik,Dene,hdenelp@shutterfly.com,03/06/2019,DINERO,17
LC,45417691,Jerrilee,Fellowes,jfelloweslq@examiner.com,14/06/2005,ENTREGA_TARJETAS,25
DNI,58775945,Elaine,Mateo,emateolr@istockphoto.com,01/04/2009,REDISTRIBUCION_VIANDAS,25
LC,10871752,Doug,Rennix,drennixls@telegraph.co.uk,02/08/2014,DINERO,13
LE,30694159,Anne-marie,Hobgen,ahobgenlt@microsoft.com,09/11/2016,REDISTRIBUCION_VIANDAS,6
LE,26975270,Emmalee,Colly,ecollylu@tmall.com,05/10/2016,REDISTRIBUCION_VIANDAS,12
LE,39109039,Athene,Zannini,azanninilv@jugem.jp,26/04/2006,DONACION_VIANDAS,11
LE,46523084,Orton,Nutley,onutleylw@lulu.com,21/11/2007,DINERO,35
LC,20154134,Benyamin,Forestall,bforestalllx@i2i.jp,17/08/2012,ENTREGA_TARJETAS,19
DNI,7909138,Sawyere,Tander,standerly@wp.com,30/05/2014,REDISTRIBUCION_VIANDAS,22
LE,30460595,Elonore,Calrow,ecalrowlz@ebay.com,29/05/2016,DINERO,47
LE,9327782,Elijah,Burnside,eburnsidem0@archive.org,27/11/2017,DONACION_VIANDAS,46
LE,54711638,Corrinne,Littrik,clittrikm1@cbslocal.com,16/02/2016,REDISTRIBUCION_VIANDAS,29
LE,16982943,Allayne,Lyddon,alyddonm2@twitter.com,23/11/2018,REDISTRIBUCION_VIANDAS,8
LC,24365081,Hart,Carsey,hcarseym3@google.pl,02/12/2008,REDISTRIBUCION_VIANDAS,38
LC,41034914,Caren,Candy,ccandym4@uiuc.edu,04/02/2008,DONACION_VIANDAS,50
DNI,46619324,Aura,Mewburn,amewburnm5@dell.com,03/07/2018,ENTREGA_TARJETAS,29
LE,30650355,Hallsy,Ashforth,hashforthm6@senate.gov,01/11/2013,ENTREGA_TARJETAS,35
DNI,10113475,Archibaldo,Alen,aalenm7@mayoclinic.com,22/09/2019,DINERO,15
LE,30758078,Jessamine,Crowth,jcrowthm8@gnu.org,18/03/2014,DINERO,8
LE,11173980,Lotte,Piel,lpielm9@twitpic.com,01/10/2011,DINERO,21
LE,55775390,Kata,Dixey,kdixeyma@aboutads.info,02/12/2016,ENTREGA_TARJETAS,41
DNI,25293659,Corena,Forlonge,cforlongemb@technorati.com,12/11/2012,DONACION_VIANDAS,18
DNI,57448468,Finley,De Dantesie,fdedantesiemc@cdc.gov,21/12/2015,DONACION_VIANDAS,33
LC,51747351,Phyllys,Eakins,peakinsmd@yahoo.co.jp,18/04/2014,DINERO,28
LC,22433336,Renaldo,Costelow,rcostelowme@patch.com,17/09/2016,DINERO,40
DNI,50149878,Stacie,Combe,scombemf@friendfeed.com,22/10/2017,ENTREGA_TARJETAS,27
LE,49537702,Daisi,Kilcoyne,dkilcoynemg@independent.co.uk,30/06/2012,REDISTRIBUCION_VIANDAS,9
LE,38417392,Lettie,Cayzer,lcayzermh@redcross.org,08/05/2014,DONACION_VIANDAS,29
LC,52476017,Alfie,Crossgrove,acrossgrovemi@latimes.com,03/05/2007,REDISTRIBUCION_VIANDAS,27
LE,49046630,Lezley,Whittington,lwhittingtonmj@github.io,13/08/2014,REDISTRIBUCION_VIANDAS,16
LE,2036728,Nina,Shutt,nshuttmk@virginia.edu,21/11/2007,DONACION_VIANDAS,17
LC,51602996,Eliot,Branchett,ebranchettml@purevolume.com,18/08/2011,REDISTRIBUCION_VIANDAS,46
LC,11687241,Ephraim,Trahar,etraharmm@prnewswire.com,02/01/2016,DONACION_VIANDAS,19
LE,40960064,Harri,Dadson,hdadsonmn@engadget.com,14/09/2016,REDISTRIBUCION_VIANDAS,49
DNI,34607090,Lombard,Baroch,lbarochmo@intel.com,03/12/2014,DONACION_VIANDAS,44
LC,37985033,Eimile,Dearth,edearthmp@csmonitor.com,24/12/2010,ENTREGA_TARJETAS,46
DNI,25510763,Ardelis,Drugan,adruganmq@free.fr,27/08/2017,DONACION_VIANDAS,32
LC,49764343,Philippine,Acland,paclandmr@howstuffworks.com,22/02/2016,DINERO,9
LC,32089047,Stacy,Bellsham,sbellshamms@amazon.co.uk,23/11/2005,DINERO,23
DNI,20139306,Edan,Kegan,ekeganmt@canalblog.com,12/05/2011,ENTREGA_TARJETAS,17
LC,29014466,Sara,Readitt,sreadittmu@reference.com,21/06/2013,DONACION_VIANDAS,16
DNI,7852173,Adiana,Jelfs,ajelfsmv@parallels.com,03/02/2016,ENTREGA_TARJETAS,17
LE,8376268,Nolie,Aldhous,naldhousmw@ning.com,20/08/2017,ENTREGA_TARJETAS,49
DNI,32801336,Randolph,Murphey,rmurpheymx@google.es,01/09/2011,DONACION_VIANDAS,49
LC,45487439,Moina,Rollings,mrollingsmy@tmall.com,24/01/2008,DINERO,47
LE,59365853,Jorry,Dobbson,jdobbsonmz@dailymotion.com,13/05/2019,DINERO,10
DNI,45714330,Adorne,Bearns,abearnsn0@google.de,24/04/2011,ENTREGA_TARJETAS,2
LC,51939926,Rudyard,Rodenborch,rrodenborchn1@tuttocitta.it,19/08/2011,DINERO,16
DNI,40986348,Terrie,Simmell,tsimmelln2@jimdo.com,20/05/2016,REDISTRIBUCION_VIANDAS,11
DNI,52670862,Louis,Antwis,lantwisn3@jalbum.net,25/12/2005,REDISTRIBUCION_VIANDAS,30
DNI,37310796,Laurence,McKeon,lmckeonn4@constantcontact.com,09/10/2017,DONACION_VIANDAS,15
LE,11505213,Lynnette,Duffit,lduffitn5@uol.com.br,12/07/2014,ENTREGA_TARJETAS,9
LC,3527045,Lalo,Meagh,lmeaghn6@marriott.com,28/11/2014,DONACION_VIANDAS,17
DNI,2287611,Renee,Chetter,rchettern7@digg.com,05/03/2016,REDISTRIBUCION_VIANDAS,24
DNI,11255828,Morris,Boulter,mboultern8@tmall.com,17/07/2007,DINERO,17
LC,33092141,Kenon,Rehorek,krehorekn9@ibm.com,12/02/2011,DONACION_VIANDAS,26
DNI,19917537,Tab,Antrobus,tantrobusna@list-manage.com,18/01/2020,REDISTRIBUCION_VIANDAS,29
DNI,20613411,Konstanze,Mitchelson,kmitchelsonnb@java.com,19/02/2007,ENTREGA_TARJETAS,16
LE,11081726,Ilka,Fantone,ifantonenc@arizona.edu,12/07/2018,ENTREGA_TARJETAS,46
LC,58346257,Kynthia,Alkin,kalkinnd@lycos.com,13/01/2008,REDISTRIBUCION_VIANDAS,46
LC,18372210,Willis,Nuzzi,wnuzzine@jiathis.com,11/10/2015,ENTREGA_TARJETAS,43
LC,17384111,Vicki,Walby,vwalbynf@webmd.com,08/01/2011,DONACION_VIANDAS,20
LC,37431064,Packston,Pritchard,ppritchardng@spotify.com,18/04/2011,DONACION_VIANDAS,24
DNI,78393,Mikel,Barczynski,mbarczynskinh@dailymotion.com,06/01/2010,REDISTRIBUCION_VIANDAS,42
LE,57461727,Danyette,Shurman,dshurmanni@mapquest.com,04/08/2005,DINERO,27
DNI,43188801,Randene,Didsbury,rdidsburynj@scribd.com,03/10/2014,REDISTRIBUCION_VIANDAS,36
DNI,9113539,La verne,Marciek,lmarcieknk@ft.com,24/12/2013,DINERO,10
LC,38338304,Amanda,Petzolt,apetzoltnl@illinois.edu,21/07/2005,REDISTRIBUCION_VIANDAS,46
DNI,41407637,Torry,Topes,ttopesnm@epa.gov,17/06/2008,REDISTRIBUCION_VIANDAS,30
LC,32315032,Bertine,Rapps,brappsnn@google.com.hk,10/10/2019,DINERO,32
DNI,26107324,Rafi,Maclean,rmacleanno@hubpages.com,17/03/2015,REDISTRIBUCION_VIANDAS,41
DNI,19562548,Dallas,Malec,dmalecnp@whitehouse.gov,30/01/2019,DINERO,42
LE,7398554,Farand,Durn,fdurnnq@instagram.com,06/04/2017,ENTREGA_TARJETAS,9
DNI,9903229,Rory,Guy,rguynr@seattletimes.com,15/11/2009,DINERO,1
LC,39505120,Jerrilee,Bickle,jbicklens@tuttocitta.it,15/06/2018,ENTREGA_TARJETAS,43
LE,47115241,Ara,Dandison,adandisonnt@un.org,16/10/2011,ENTREGA_TARJETAS,42
LC,10456322,Alic,Hynam,ahynamnu@technorati.com,21/06/2013,DINERO,50
LE,55881281,Howie,Gasnoll,hgasnollnv@si.edu,16/11/2016,REDISTRIBUCION_VIANDAS,31
LE,56520418,Gilda,Adkin,gadkinnw@mlb.com,30/11/2006,ENTREGA_TARJETAS,33
DNI,22643179,Wendeline,Donegan,wdonegannx@nasa.gov,09/03/2008,DONACION_VIANDAS,15
DNI,57086378,Almire,Springthorpe,aspringthorpeny@amazon.de,17/03/2014,REDISTRIBUCION_VIANDAS,9
DNI,59094914,Martelle,Sicily,msicilynz@weibo.com,18/06/2005,ENTREGA_TARJETAS,25
DNI,46789047,Sharona,Grimster,sgrimstero0@gmpg.org,23/06/2014,ENTREGA_TARJETAS,43
LC,13629401,Luciana,Dudden,lduddeno1@jalbum.net,08/03/2012,REDISTRIBUCION_VIANDAS,34
LC,57437285,Carrol,Richmond,crichmondo2@jimdo.com,09/03/2016,DINERO,2
DNI,182114,Gerianna,Brinded,gbrindedo3@virginia.edu,07/07/2010,DINERO,32
LE,22778028,Nadia,Kubal,nkubalo4@usgs.gov,19/04/2009,DONACION_VIANDAS,32
DNI,6235725,Berte,Claus,bclauso5@reference.com,30/03/2020,DONACION_VIANDAS,1
DNI,6129689,Kim,Gosz,kgoszo6@scribd.com,18/12/2006,DINERO,2
DNI,58784539,Delia,Eagland,deaglando7@i2i.jp,30/03/2010,DINERO,16
LC,46219525,Bail,Colicot,bcolicoto8@studiopress.com,31/07/2005,DINERO,20
DNI,16078299,Sophia,Celler,scellero9@github.com,07/08/2016,DINERO,27
LC,34632703,Bernardina,Corinton,bcorintonoa@businesswire.com,05/09/2008,DONACION_VIANDAS,49
LE,12734830,Babette,Severwright,bseverwrightob@tuttocitta.it,25/10/2019,DINERO,17
LC,5896504,Chad,Kauffman,ckauffmanoc@liveinternet.ru,19/12/2016,ENTREGA_TARJETAS,45
LC,33970196,Armin,Koenraad,akoenraadod@dagondesign.com,05/12/2005,REDISTRIBUCION_VIANDAS,6
LC,33461366,Eward,Hugueville,ehuguevilleoe@umn.edu,29/10/2012,REDISTRIBUCION_VIANDAS,21
LC,20359874,Gertrudis,Fourmy,gfourmyof@furl.net,05/03/2019,DONACION_VIANDAS,6
LC,14756911,Celene,Stirtle,cstirtleog@skyrock.com,10/06/2006,ENTREGA_TARJETAS,28
LC,10965156,Malanie,Maciejak,mmaciejakoh@linkedin.com,03/12/2016,DONACION_VIANDAS,42
LE,24621292,Clare,Varga,cvargaoi@yahoo.com,24/05/2014,ENTREGA_TARJETAS,16
DNI,48084043,Melitta,Raubenheimer,mraubenheimeroj@bloglines.com,11/07/2009,ENTREGA_TARJETAS,20
LC,13681868,Samaria,MacCrossan,smaccrossanok@mediafire.com,02/05/2014,DONACION_VIANDAS,1
LE,6886470,Guenna,Hayer,ghayerol@mail.ru,24/09/2015,ENTREGA_TARJETAS,3
LE,8472928,Barbie,Spinage,bspinageom@hatena.ne.jp,13/12/2009,DONACION_VIANDAS,20
LE,40155249,Vevay,Barmadier,vbarmadieron@irs.gov,23/12/2010,DINERO,16
LC,56751553,Joete,Spiteri,jspiterioo@woothemes.com,13/09/2016,DONACION_VIANDAS,22
LC,11133643,Jackquelin,Cyster,jcysterop@joomla.org,31/05/2006,REDISTRIBUCION_VIANDAS,34
LC,53580954,Ali,Spurrier,aspurrieroq@shareasale.com,28/04/2018,DINERO,48
LC,20278949,Gabriella,Dipple,gdippleor@prweb.com,07/07/2018,DONACION_VIANDAS,11
LE,27219025,Cesare,Chiplin,cchiplinos@upenn.edu,08/10/2016,DONACION_VIANDAS,12
DNI,55781289,Emmery,Showell,eshowellot@networkadvertising.org,23/11/2008,ENTREGA_TARJETAS,3
DNI,13407562,Trisha,Hackinge,thackingeou@wikipedia.org,24/02/2011,DONACION_VIANDAS,16
DNI,1668012,Juli,Steven,jstevenov@illinois.edu,18/01/2019,REDISTRIBUCION_VIANDAS,33
DNI,33113364,Stephenie,Riquet,sriquetow@timesonline.co.uk,23/07/2014,REDISTRIBUCION_VIANDAS,35
LE,52565713,Bowie,Goulbourne,bgoulbourneox@seattletimes.com,02/11/2010,ENTREGA_TARJETAS,49
DNI,32290300,Woodman,Ord,wordoy@ebay.co.uk,03/04/2013,ENTREGA_TARJETAS,39
LC,55567726,Jamal,Gilderoy,jgilderoyoz@prnewswire.com,25/09/2011,DONACION_VIANDAS,5
DNI,38444563,Cyb,Snoddy,csnoddyp0@shop-pro.jp,17/03/2016,REDISTRIBUCION_VIANDAS,50
LC,963128,Cyndie,Borge,cborgep1@skype.com,31/12/2017,DINERO,27
DNI,33798540,Sol,Collet,scolletp2@clickbank.net,19/01/2011,DONACION_VIANDAS,18
LE,47806245,Teodoor,Gounet,tgounetp3@examiner.com,08/03/2011,ENTREGA_TARJETAS,39
DNI,45145702,Maible,Roake,mroakep4@baidu.com,25/03/2008,DINERO,21
DNI,53822164,Amelita,Savatier,asavatierp5@issuu.com,20/09/2014,DONACION_VIANDAS,24
LC,56591510,Jaime,Hillatt,jhillattp6@123-reg.co.uk,19/12/2016,DONACION_VIANDAS,4
DNI,22535637,Janka,Rawlence,jrawlencep7@lycos.com,05/03/2015,DONACION_VIANDAS,1
DNI,40610916,Dennie,Leyrroyd,dleyrroydp8@cisco.com,06/02/2016,ENTREGA_TARJETAS,39
LE,32649638,Ivette,Stanlock,istanlockp9@netvibes.com,18/02/2019,ENTREGA_TARJETAS,10
DNI,18450921,Katherine,Coffey,kcoffeypa@networkadvertising.org,26/05/2013,ENTREGA_TARJETAS,49
LC,38567445,Lenee,Axcel,laxcelpb@whitehouse.gov,15/03/2010,REDISTRIBUCION_VIANDAS,8
LC,23706885,Kendra,Arger,kargerpc@webnode.com,14/06/2015,DONACION_VIANDAS,7
DNI,46317368,Chrissie,Orpin,corpinpd@epa.gov,11/10/2015,ENTREGA_TARJETAS,14
DNI,34754425,Nikolaos,Elles,nellespe@guardian.co.uk,27/01/2019,ENTREGA_TARJETAS,28
LC,16158365,Sacha,Goggins,sgogginspf@theguardian.com,10/08/2007,DINERO,40
LC,26051114,Dame,Koop,dkooppg@pinterest.com,22/06/2015,DINERO,11
DNI,6827293,Ramon,Hustings,rhustingsph@360.cn,14/07/2014,DONACION_VIANDAS,8
LE,48905598,Ramsay,Emnoney,remnoneypi@ca.gov,30/01/2018,DINERO,9
DNI,770659,Kaycee,Bransgrove,kbransgrovepj@foxnews.com,13/03/2011,DONACION_VIANDAS,43
DNI,47253941,Elnore,Codeman,ecodemanpk@slideshare.net,06/12/2010,REDISTRIBUCION_VIANDAS,45
LE,46460655,Janaye,Sawkin,jsawkinpl@plala.or.jp,24/11/2007,ENTREGA_TARJETAS,14
LE,28329904,Jerrilee,Martinuzzi,jmartinuzzipm@drupal.org,07/11/2017,DONACION_VIANDAS,13
LC,32161833,Margaux,Mervyn,mmervynpn@angelfire.com,13/10/2006,REDISTRIBUCION_VIANDAS,40
LE,14846520,Rolfe,Lodevick,rlodevickpo@telegraph.co.uk,23/11/2016,REDISTRIBUCION_VIANDAS,6
LE,4846638,Avrom,Spillard,aspillardpp@pagesperso-orange.fr,24/09/2011,REDISTRIBUCION_VIANDAS,20
LC,57764286,Tanya,Meriet,tmerietpq@cyberchimps.com,29/06/2006,ENTREGA_TARJETAS,19
LC,1733370,Kasper,Waliszek,kwaliszekpr@irs.gov,17/05/2010,REDISTRIBUCION_VIANDAS,43
DNI,47761086,Daisey,Tarbert,dtarbertps@trellian.com,13/04/2017,ENTREGA_TARJETAS,41
LE,44301031,Corina,De Vuyst,cdevuystpt@odnoklassniki.ru,05/04/2014,ENTREGA_TARJETAS,2
LC,13069527,Hasheem,Killick,hkillickpu@mysql.com,20/11/2010,DONACION_VIANDAS,25
LC,4689279,Jordon,Mayler,jmaylerpv@booking.com,14/06/2011,DINERO,23
LE,5058438,Sam,Rilings,srilingspw@amazonaws.com,03/05/2015,ENTREGA_TARJETAS,3
LC,18248361,Filmer,Bottelstone,fbottelstonepx@topsy.com,27/12/2014,ENTREGA_TARJETAS,3
LE,887050,Edy,Fitzackerley,efitzackerleypy@hostgator.com,16/06/2016,ENTREGA_TARJETAS,38
LE,16951451,Xerxes,Huckerbe,xhuckerbepz@stanford.edu,27/05/2020,DINERO,5
LC,20419607,Cristionna,Mengo,cmengoq0@theatlantic.com,21/08/2005,REDISTRIBUCION_VIANDAS,31
LC,2950103,Aurlie,MacKaile,amackaileq1@yandex.ru,23/09/2016,DINERO,14
LC,37810645,Lorant,Durman,ldurmanq2@dell.com,02/10/2006,DINERO,39
DNI,43142419,Bartolemo,Pogue,bpogueq3@slashdot.org,02/04/2009,ENTREGA_TARJETAS,23
LC,22034240,Casandra,Parkin,cparkinq4@telegraph.co.uk,13/02/2020,REDISTRIBUCION_VIANDAS,5
LC,22320306,Deerdre,Strippel,dstrippelq5@slashdot.org,03/03/2017,REDISTRIBUCION_VIANDAS,48
LE,48895603,Tomasine,Duchesne,tduchesneq6@elpais.com,31/12/2007,DONACION_VIANDAS,22
LC,45074832,Kirstin,Moneti,kmonetiq7@seattletimes.com,26/12/2008,DINERO,36
LC,7796651,Baryram,Spoerl,bspoerlq8@cnn.com,15/04/2016,DONACION_VIANDAS,42
LE,52225006,Drusi,Redford,dredfordq9@china.com.cn,19/12/2010,REDISTRIBUCION_VIANDAS,16
LE,34538667,Zorina,Trobridge,ztrobridgeqa@phpbb.com,09/05/2012,DINERO,15
LE,12931601,Wash,Whatling,wwhatlingqb@intel.com,30/05/2011,DINERO,34
LC,57837154,Sawyer,Handscomb,shandscombqc@microsoft.com,09/11/2007,REDISTRIBUCION_VIANDAS,26
LE,47988344,Karel,Lindenstrauss,klindenstraussqd@csmonitor.com,07/02/2018,DONACION_VIANDAS,48
DNI,57195949,Jeffy,Wickmann,jwickmannqe@ovh.net,16/10/2014,REDISTRIBUCION_VIANDAS,3
LC,29297571,Whitby,Caldow,wcaldowqf@hud.gov,13/11/2017,ENTREGA_TARJETAS,16
DNI,43011603,Haydon,Fantini,hfantiniqg@marketwatch.com,19/09/2013,DONACION_VIANDAS,36
LC,9128669,Em,Majury,emajuryqh@gnu.org,11/08/2013,REDISTRIBUCION_VIANDAS,47
LC,23956680,Ira,Leinster,ileinsterqi@reuters.com,05/07/2018,ENTREGA_TARJETAS,15
DNI,10493933,Toddie,Bricham,tbrichamqj@telegraph.co.uk,07/01/2018,DINERO,13
LC,26783081,Emmi,Klima,eklimaqk@technorati.com,05/07/2014,DONACION_VIANDAS,32
LC,5908383,June,Wermerling,jwermerlingql@example.com,06/09/2012,ENTREGA_TARJETAS,12
LE,48992947,Philip,Heyburn,pheyburnqm@phpbb.com,24/11/2005,DINERO,7
LE,4529719,Brittany,Heinel,bheinelqn@meetup.com,20/04/2012,REDISTRIBUCION_VIANDAS,14
LE,44199618,Arlyn,Fallow,afallowqo@wired.com,30/08/2005,DONACION_VIANDAS,19
LE,49144344,Rik,MacCafferty,rmaccaffertyqp@webnode.com,13/07/2005,REDISTRIBUCION_VIANDAS,42
DNI,56019431,Kincaid,Genever,kgeneverqq@yale.edu,04/10/2007,DONACION_VIANDAS,33
DNI,10304174,Hedwiga,Botley,hbotleyqr@auda.org.au,14/04/2008,DINERO,2
DNI,27978551,Sherlocke,Turmel,sturmelqs@ezinearticles.com,16/01/2016,ENTREGA_TARJETAS,26
LE,40644878,Dex,Trahearn,dtrahearnqt@google.de,28/11/2017,REDISTRIBUCION_VIANDAS,42
LE,8735274,Prince,Cornfoot,pcornfootqu@freewebs.com,10/10/2017,REDISTRIBUCION_VIANDAS,37
DNI,46177232,Charmain,Stanistrete,cstanistreteqv@blogger.com,16/07/2010,DINERO,41
LC,1898536,Wandie,Tight,wtightqw@cafepress.com,05/06/2011,DINERO,28
LE,26686237,Holly,Curds,hcurdsqx@cocolog-nifty.com,15/10/2014,REDISTRIBUCION_VIANDAS,40
LE,40413705,Ives,Have,ihaveqy@sfgate.com,20/07/2011,DINERO,47
LC,710202,Neile,Paydon,npaydonqz@ted.com,16/02/2009,ENTREGA_TARJETAS,38
DNI,55071685,Ethelred,Topley,etopleyr0@thetimes.co.uk,16/04/2016,REDISTRIBUCION_VIANDAS,24
LC,48772220,Birch,Jouannisson,bjouannissonr1@bbb.org,28/07/2008,ENTREGA_TARJETAS,26
LE,33472096,Lion,Planque,lplanquer2@surveymonkey.com,24/03/2006,ENTREGA_TARJETAS,7
LE,25168264,Adeline,Shelper,ashelperr3@intel.com,12/09/2017,ENTREGA_TARJETAS,47
DNI,24050821,Wilhelm,Lucas,wlucasr4@storify.com,10/12/2017,REDISTRIBUCION_VIANDAS,6
LE,48233798,Ambur,Tredget,atredgetr5@home.pl,15/12/2010,DINERO,19
LC,19469142,Jannel,Matias,jmatiasr6@sciencedirect.com,14/08/2012,DONACION_VIANDAS,28
LC,22803066,Bili,Balam,bbalamr7@fastcompany.com,22/02/2010,DONACION_VIANDAS,19
DNI,52459585,Terrill,Cussen,tcussenr8@china.com.cn,24/11/2010,ENTREGA_TARJETAS,6
DNI,20007620,Gabriel,Headford,gheadfordr9@bloglovin.com,29/07/2008,DONACION_VIANDAS,19
LC,5260018,Gianni,Gilligan,ggilliganra@irs.gov,17/09/2019,ENTREGA_TARJETAS,10
DNI,14157322,Jemimah,Maas,jmaasrb@networkadvertising.org,19/04/2017,DONACION_VIANDAS,36
DNI,33479422,Danny,Frankcombe,dfrankcomberc@amazon.co.jp,18/07/2006,DONACION_VIANDAS,8
DNI,16425640,Winonah,Shankle,wshanklerd@yellowpages.com,06/07/2011,ENTREGA_TARJETAS,11
LE,21427293,Wakefield,Tait,wtaitre@hexun.com,20/02/2014,ENTREGA_TARJETAS,1
DNI,58680072,Den,Stockford,dstockfordrf@noaa.gov,06/03/2016,ENTREGA_TARJETAS,6
DNI,3612628,Thedrick,Dome,tdomerg@moonfruit.com,29/05/2008,ENTREGA_TARJETAS,37
LC,6099871,Loise,Milington,lmilingtonrh@nyu.edu,23/11/2010,REDISTRIBUCION_VIANDAS,37
LE,47793394,Ilene,MacCaull,imaccaullri@ucla.edu,07/04/2017,DINERO,49
DNI,25700464,Timmy,Bebbell,tbebbellrj@over-blog.com,08/08/2010,DONACION_VIANDAS,27
LE,19618860,Blakeley,Meaden,bmeadenrk@xrea.com,22/06/2009,ENTREGA_TARJETAS,42
LC,34634785,Tedra,Acott,tacottrl@clickbank.net,26/12/2008,REDISTRIBUCION_VIANDAS,47
DNI,36913251,Teresina,Kuhlen,tkuhlenrm@npr.org,18/10/2014,REDISTRIBUCION_VIANDAS,18
LE,56775005,Vic,Stenhouse,vstenhousern@homestead.com,18/11/2005,DINERO,37
LE,32949023,Sharlene,Malam,smalamro@dedecms.com,07/01/2006,DINERO,40
LC,31596114,Kele,Bednall,kbednallrp@samsung.com,12/01/2011,ENTREGA_TARJETAS,36
DNI,50534778,Puff,Grummitt,pgrummittrq@accuweather.com,08/11/2010,DINERO,13
DNI,35152981,Ulysses,Farrer,ufarrerrr@issuu.com,03/01/2006,DONACION_VIANDAS,33
